scale,distribution,mix,backend,round,seq,kind,latency_ns,correct,rows,valid_paths,null_paths,error,driver_query_calls,server_statements,stored_proc_inner,commit_calls,auto_commit_transactions
10000,skew,90:10,mysql,1,0,popular,1611651,True,10,,,,1,1,0,0,0
10000,skew,90:10,mysql,1,1,popular,680365,True,10,,,,1,1,0,0,0
10000,skew,90:10,mysql,1,2,popular,688005,True,10,,,,1,1,0,0,0
10000,skew,90:10,mysql,1,3,visualize,1968494,True,10,7,3,,2,2,0,0,0
10000,skew,90:10,mysql,1,4,visualize,1643651,True,10,7,3,,2,2,0,0,0
10000,skew,90:10,mysql,1,5,visualize,1527451,True,10,7,3,,2,2,0,0,0
10000,skew,90:10,mysql,1,6,register,11630081,True,0,,,,4,4,0,1,0
10000,skew,90:10,mysql,1,7,popular,983886,True,10,,,,1,1,0,0,0
10000,skew,90:10,mysql,1,8,update,1203449,True,0,,,,1,5,4,1,0
10000,skew,90:10,mysql,1,9,visualize,1790612,True,10,7,3,,2,2,0,0,0
10000,skew,90:10,mysql,1,10,visualize,1659012,True,10,7,3,,2,2,0,0,0
10000,skew,90:10,mysql,1,11,visualize,1490050,True,10,7,3,,2,2,0,0,0
10000,skew,90:10,mysql,1,12,popular,613085,True,10,,,,1,1,0,0,0
10000,skew,90:10,mysql,1,13,popular,578564,True,10,,,,1,1,0,0,0
10000,skew,90:10,mysql,1,14,popular,820245,True,10,,,,1,1,0,0,0
10000,skew,90:10,mysql,1,15,popular,832085,True,10,,,,1,1,0,0,0
10000,skew,90:10,mysql,1,16,popular,597845,True,10,,,,1,1,0,0,0
10000,skew,90:10,mysql,1,17,update,1480730,True,0,,,,1,5,4,1,0
10000,skew,90:10,mysql,1,18,register,3891747,True,0,,,,4,4,0,1,0
10000,skew,90:10,mysql,1,19,visualize,1644811,True,10,7,3,,2,2,0,0,0
10000,skew,90:10,mysql,1,20,visualize,1581331,True,10,7,3,,2,2,0,0,0
10000,skew,90:10,mysql,1,21,popular,646245,True,10,,,,1,1,0,0,0
10000,skew,90:10,mysql,1,22,visualize,1493090,True,10,7,3,,2,2,0,0,0
10000,skew,90:10,mysql,1,23,visualize,1509131,True,10,7,3,,2,2,0,0,0
10000,skew,90:10,mysql,1,24,popular,899206,True,10,,,,1,1,0,0,0
10000,skew,90:10,mysql,1,25,visualize,1731492,True,10,7,3,,2,2,0,0,0
10000,skew,90:10,mysql,1,26,popular,596444,True,10,,,,1,1,0,0,0
10000,skew,90:10,mysql,1,27,popular,687124,True,10,,,,1,1,0,0,0
10000,skew,90:10,mysql,1,28,visualize,1703611,True,10,7,3,,2,2,0,0,0
10000,skew,90:10,mysql,1,29,popular,559964,True,10,,,,1,1,0,0,0
10000,skew,90:10,mysql,1,30,update,1543371,True,0,,,,1,5,4,1,0
10000,skew,90:10,mysql,1,31,visualize,1575971,True,10,7,3,,2,2,0,0,0
10000,skew,90:10,mysql,1,32,visualize,1503891,True,10,7,3,,2,2,0,0,0
10000,skew,90:10,mysql,1,33,visualize,1564851,True,10,6,4,,2,2,0,0,0
10000,skew,90:10,mysql,1,34,popular,557564,True,10,,,,1,1,0,0,0
10000,skew,90:10,mysql,1,35,popular,778325,True,10,,,,1,1,0,0,0
10000,skew,90:10,mysql,1,36,visualize,1496450,True,10,6,4,,2,2,0,0,0
10000,skew,90:10,mysql,1,37,popular,573884,True,10,,,,1,1,0,0,0
10000,skew,90:10,mysql,1,38,popular,778565,True,10,,,,1,1,0,0,0
10000,skew,90:10,mysql,1,39,visualize,1473250,True,10,6,4,,2,2,0,0,0
10000,skew,90:10,mysql,1,40,visualize,1389290,True,10,7,3,,2,2,0,0,0
10000,skew,90:10,mysql,1,41,update,1486490,True,0,,,,1,5,4,1,0
10000,skew,90:10,mysql,1,42,visualize,1705171,True,10,6,4,,2,2,0,0,0
10000,skew,90:10,mysql,1,43,popular,896327,True,10,,,,1,1,0,0,0
10000,skew,90:10,mysql,1,44,visualize,1615811,True,10,7,3,,2,2,0,0,0
10000,skew,90:10,mysql,1,45,visualize,1632571,True,10,6,4,,2,2,0,0,0
10000,skew,90:10,mysql,1,46,popular,694405,True,10,,,,1,1,0,0,0
10000,skew,90:10,mysql,1,47,visualize,1520691,True,10,6,4,,2,2,0,0,0
10000,skew,90:10,mysql,1,48,visualize,1564531,True,10,7,3,,2,2,0,0,0
10000,skew,90:10,mysql,1,49,register,13367052,True,0,,,,4,4,0,1,0
10000,skew,90:10,mysql,1,50,visualize,1688532,True,10,7,3,,2,2,0,0,0
10000,skew,90:10,mysql,1,51,visualize,1549251,True,10,7,3,,2,2,0,0,0
10000,skew,90:10,mysql,1,52,visualize,1827573,True,10,6,4,,2,2,0,0,0
10000,skew,90:10,mysql,1,53,register,4123788,True,0,,,,4,4,0,1,0
10000,skew,90:10,mysql,1,54,visualize,1589331,True,10,6,4,,2,2,0,0,0
10000,skew,90:10,mysql,1,55,popular,647485,True,10,,,,1,1,0,0,0
10000,skew,90:10,mysql,1,56,popular,805046,True,10,,,,1,1,0,0,0
10000,skew,90:10,mysql,1,57,popular,538963,True,10,,,,1,1,0,0,0
10000,skew,90:10,mysql,1,58,visualize,1500651,True,10,6,4,,2,2,0,0,0
10000,skew,90:10,mysql,1,59,popular,811366,True,10,,,,1,1,0,0,0
10000,skew,90:10,mysql,1,60,popular,940606,True,10,,,,1,1,0,0,0
10000,skew,90:10,mysql,1,61,visualize,1802453,True,10,6,4,,2,2,0,0,0
10000,skew,90:10,mysql,1,62,popular,965206,True,10,,,,1,1,0,0,0
10000,skew,90:10,mysql,1,63,visualize,1664011,True,10,7,3,,2,2,0,0,0
10000,skew,90:10,mysql,1,64,popular,917247,True,10,,,,1,1,0,0,0
10000,skew,90:10,mysql,1,65,visualize,1614291,True,10,7,3,,2,2,0,0,0
10000,skew,90:10,mysql,1,66,popular,915726,True,10,,,,1,1,0,0,0
10000,skew,90:10,mysql,1,67,visualize,1511251,True,10,7,3,,2,2,0,0,0
10000,skew,90:10,mysql,1,68,visualize,1610331,True,10,6,4,,2,2,0,0,0
10000,skew,90:10,mysql,1,69,visualize,1508611,True,10,7,3,,2,2,0,0,0
10000,skew,90:10,mysql,1,70,popular,805805,True,10,,,,1,1,0,0,0
10000,skew,90:10,mysql,1,71,update,1248129,True,0,,,,1,5,4,1,0
10000,skew,90:10,mysql,1,72,popular,891686,True,10,,,,1,1,0,0,0
10000,skew,90:10,mysql,1,73,visualize,1600571,True,10,6,4,,2,2,0,0,0
10000,skew,90:10,mysql,1,74,visualize,1563411,True,10,6,4,,2,2,0,0,0
10000,skew,90:10,mysql,1,75,popular,856166,True,10,,,,1,1,0,0,0
10000,skew,90:10,mysql,1,76,popular,780646,True,10,,,,1,1,0,0,0
10000,skew,90:10,mysql,1,77,popular,779125,True,10,,,,1,1,0,0,0
10000,skew,90:10,mysql,1,78,visualize,1485610,True,10,6,4,,2,2,0,0,0
10000,skew,90:10,mysql,1,79,visualize,1602531,True,10,6,4,,2,2,0,0,0
10000,skew,90:10,mysql,1,80,popular,831806,True,10,,,,1,1,0,0,0
10000,skew,90:10,mysql,1,81,visualize,1464850,True,10,6,4,,2,2,0,0,0
10000,skew,90:10,mysql,1,82,visualize,1516250,True,10,7,3,,2,2,0,0,0
10000,skew,90:10,mysql,1,83,visualize,1511331,True,10,6,4,,2,2,0,0,0
10000,skew,90:10,mysql,1,84,update,1111808,True,0,,,,1,5,4,1,0
10000,skew,90:10,mysql,1,85,visualize,1521210,True,10,7,3,,2,2,0,0,0
10000,skew,90:10,mysql,1,86,update,1063208,True,0,,,,1,5,4,1,0
10000,skew,90:10,mysql,1,87,visualize,1726332,True,10,6,4,,2,2,0,0,0
10000,skew,90:10,mysql,1,88,visualize,1467250,True,10,7,3,,2,2,0,0,0
10000,skew,90:10,mysql,1,89,visualize,1666452,True,10,6,4,,2,2,0,0,0
10000,skew,90:10,mysql,1,90,visualize,1542690,True,10,7,3,,2,2,0,0,0
10000,skew,90:10,mysql,1,91,visualize,1517170,True,10,7,3,,2,2,0,0,0
10000,skew,90:10,mysql,1,92,visualize,1660772,True,10,6,4,,2,2,0,0,0
10000,skew,90:10,mysql,1,93,visualize,1507730,True,10,7,3,,2,2,0,0,0
10000,skew,90:10,mysql,1,94,popular,995526,True,10,,,,1,1,0,0,0
10000,skew,90:10,mysql,1,95,update,1266328,True,0,,,,1,5,4,1,0
10000,skew,90:10,mysql,1,96,popular,679845,True,10,,,,1,1,0,0,0
10000,skew,90:10,mysql,1,97,popular,604124,True,10,,,,1,1,0,0,0
10000,skew,90:10,mysql,1,98,popular,577284,True,10,,,,1,1,0,0,0
10000,skew,90:10,mysql,1,99,visualize,1523011,True,10,7,3,,2,2,0,0,0
10000,skew,90:10,mysql,1,100,visualize,1676372,True,10,7,3,,2,2,0,0,0
10000,skew,90:10,mysql,1,101,popular,890646,True,10,,,,1,1,0,0,0
10000,skew,90:10,mysql,1,102,visualize,1560691,True,10,7,3,,2,2,0,0,0
10000,skew,90:10,mysql,1,103,popular,658925,True,10,,,,1,1,0,0,0
10000,skew,90:10,mysql,1,104,visualize,1616571,True,10,6,4,,2,2,0,0,0
10000,skew,90:10,mysql,1,105,popular,780165,True,10,,,,1,1,0,0,0
10000,skew,90:10,mysql,1,106,visualize,1491051,True,10,7,3,,2,2,0,0,0
10000,skew,90:10,mysql,1,107,visualize,1489570,True,10,7,3,,2,2,0,0,0
10000,skew,90:10,mysql,1,108,visualize,1600491,True,10,6,4,,2,2,0,0,0
10000,skew,90:10,mysql,1,109,popular,623245,True,10,,,,1,1,0,0,0
10000,skew,90:10,mysql,1,110,popular,875126,True,10,,,,1,1,0,0,0
10000,skew,90:10,mysql,1,111,visualize,1675412,True,10,7,3,,2,2,0,0,0
10000,skew,90:10,mysql,1,112,visualize,1933813,True,10,7,3,,2,2,0,0,0
10000,skew,90:10,mysql,1,113,popular,938647,True,10,,,,1,1,0,0,0
10000,skew,90:10,mysql,1,114,popular,908726,True,10,,,,1,1,0,0,0
10000,skew,90:10,mysql,1,115,visualize,1666772,True,10,6,4,,2,2,0,0,0
10000,skew,90:10,mysql,1,116,register,6951568,True,0,,,,4,4,0,1,0
10000,skew,90:10,mysql,1,117,popular,615364,True,10,,,,1,1,0,0,0
10000,skew,90:10,mysql,1,118,visualize,1595691,True,10,6,4,,2,2,0,0,0
10000,skew,90:10,mysql,1,119,popular,826726,True,10,,,,1,1,0,0,0
10000,skew,90:10,mysql,1,120,visualize,1444010,True,10,7,3,,2,2,0,0,0
10000,skew,90:10,mysql,1,121,popular,591524,True,10,,,,1,1,0,0,0
10000,skew,90:10,mysql,1,122,visualize,1827133,True,10,6,4,,2,2,0,0,0
10000,skew,90:10,mysql,1,123,register,6566966,True,0,,,,4,4,0,1,0
10000,skew,90:10,mysql,1,124,visualize,1520650,True,10,7,3,,2,2,0,0,0
10000,skew,90:10,mysql,1,125,visualize,1584131,True,10,6,4,,2,2,0,0,0
10000,skew,90:10,mysql,1,126,popular,602324,True,10,,,,1,1,0,0,0
10000,skew,90:10,mysql,1,127,popular,807645,True,10,,,,1,1,0,0,0
10000,skew,90:10,mysql,1,128,visualize,1553531,True,10,6,4,,2,2,0,0,0
10000,skew,90:10,mysql,1,129,visualize,1508090,True,10,6,4,,2,2,0,0,0
10000,skew,90:10,mysql,1,130,visualize,1493330,True,10,6,4,,2,2,0,0,0
10000,skew,90:10,mysql,1,131,visualize,1502971,True,10,7,3,,2,2,0,0,0
10000,skew,90:10,mysql,1,132,register,12132644,True,0,,,,4,4,0,1,0
10000,skew,90:10,mysql,1,133,visualize,1558970,True,10,7,3,,2,2,0,0,0
10000,skew,90:10,mysql,1,134,popular,875046,True,10,,,,1,1,0,0,0
10000,skew,90:10,mysql,1,135,popular,573204,True,10,,,,1,1,0,0,0
10000,skew,90:10,mysql,1,136,popular,751445,True,10,,,,1,1,0,0,0
10000,skew,90:10,mysql,1,137,popular,547684,True,10,,,,1,1,0,0,0
10000,skew,90:10,mysql,1,138,visualize,1506530,True,10,7,3,,2,2,0,0,0
10000,skew,90:10,mysql,1,139,popular,835086,True,10,,,,1,1,0,0,0
10000,skew,90:10,mysql,1,140,popular,538844,True,10,,,,1,1,0,0,0
10000,skew,90:10,mysql,1,141,visualize,1411810,True,10,7,3,,2,2,0,0,0
10000,skew,90:10,mysql,1,142,visualize,1643131,True,10,6,4,,2,2,0,0,0
10000,skew,90:10,mysql,1,143,register,4341510,True,0,,,,4,4,0,1,0
10000,skew,90:10,mysql,1,144,popular,695165,True,10,,,,1,1,0,0,0
10000,skew,90:10,mysql,1,145,popular,811366,True,10,,,,1,1,0,0,0
10000,skew,90:10,mysql,1,146,popular,664845,True,10,,,,1,1,0,0,0
10000,skew,90:10,mysql,1,147,popular,640964,True,10,,,,1,1,0,0,0
10000,skew,90:10,mysql,1,148,popular,540964,True,10,,,,1,1,0,0,0
10000,skew,90:10,mysql,1,149,visualize,1446970,True,10,7,3,,2,2,0,0,0
10000,skew,90:10,mysql,1,150,popular,815046,True,10,,,,1,1,0,0,0
10000,skew,90:10,mysql,1,151,popular,784325,True,10,,,,1,1,0,0,0
10000,skew,90:10,mysql,1,152,popular,883326,True,10,,,,1,1,0,0,0
10000,skew,90:10,mysql,1,153,popular,597245,True,10,,,,1,1,0,0,0
10000,skew,90:10,mysql,1,154,popular,782045,True,10,,,,1,1,0,0,0
10000,skew,90:10,mysql,1,155,visualize,1464610,True,10,7,3,,2,2,0,0,0
10000,skew,90:10,mysql,1,156,popular,598885,True,10,,,,1,1,0,0,0
10000,skew,90:10,mysql,1,157,popular,786645,True,10,,,,1,1,0,0,0
10000,skew,90:10,mysql,1,158,visualize,1817893,True,10,6,4,,2,2,0,0,0
10000,skew,90:10,mysql,1,159,popular,909766,True,10,,,,1,1,0,0,0
10000,skew,90:10,mysql,1,160,register,7222170,True,0,,,,4,4,0,1,0
10000,skew,90:10,mysql,1,161,visualize,1846173,True,10,6,4,,2,2,0,0,0
10000,skew,90:10,mysql,1,162,visualize,1919333,True,10,7,3,,2,2,0,0,0
10000,skew,90:10,mysql,1,163,popular,963287,True,10,,,,1,1,0,0,0
10000,skew,90:10,mysql,1,164,visualize,1866933,True,10,6,4,,2,2,0,0,0
10000,skew,90:10,mysql,1,165,popular,904766,True,10,,,,1,1,0,0,0
10000,skew,90:10,mysql,1,166,popular,947006,True,10,,,,1,1,0,0,0
10000,skew,90:10,mysql,1,167,visualize,1992294,True,10,6,4,,2,2,0,0,0
10000,skew,90:10,mysql,1,168,visualize,2262976,True,10,6,4,,2,2,0,0,0
10000,skew,90:10,mysql,1,169,popular,832486,True,10,,,,1,1,0,0,0
10000,skew,90:10,mysql,1,170,update,1921853,True,0,,,,1,5,4,1,0
10000,skew,90:10,mysql,1,171,popular,708445,True,10,,,,1,1,0,0,0
10000,skew,90:10,mysql,1,172,visualize,1739332,True,10,7,3,,2,2,0,0,0
10000,skew,90:10,mysql,1,173,popular,649485,True,10,,,,1,1,0,0,0
10000,skew,90:10,mysql,1,174,visualize,1531090,True,10,7,3,,2,2,0,0,0
10000,skew,90:10,mysql,1,175,popular,1602811,True,10,,,,1,1,0,0,0
10000,skew,90:10,mysql,1,176,popular,1034127,True,10,,,,1,1,0,0,0
10000,skew,90:10,mysql,1,177,register,4055108,True,0,,,,4,4,0,1,0
10000,skew,90:10,mysql,1,178,popular,544764,True,10,,,,1,1,0,0,0
10000,skew,90:10,mysql,1,179,popular,828685,True,10,,,,1,1,0,0,0
10000,skew,90:10,mysql,1,180,visualize,1754373,True,10,7,3,,2,2,0,0,0
10000,skew,90:10,mysql,1,181,popular,676444,True,10,,,,1,1,0,0,0
10000,skew,90:10,mysql,1,182,update,1439410,True,0,,,,1,5,4,1,0
10000,skew,90:10,mysql,1,183,popular,826685,True,10,,,,1,1,0,0,0
10000,skew,90:10,mysql,1,184,popular,833286,True,10,,,,1,1,0,0,0
10000,skew,90:10,mysql,1,185,visualize,1619931,True,10,6,4,,2,2,0,0,0
10000,skew,90:10,mysql,1,186,popular,823565,True,10,,,,1,1,0,0,0
10000,skew,90:10,mysql,1,187,visualize,1637252,True,10,6,4,,2,2,0,0,0
10000,skew,90:10,mysql,1,188,visualize,1548610,True,10,6,4,,2,2,0,0,0
10000,skew,90:10,mysql,1,189,visualize,1476490,True,10,7,3,,2,2,0,0,0
10000,skew,90:10,mysql,1,190,popular,555724,True,10,,,,1,1,0,0,0
10000,skew,90:10,mysql,1,191,popular,562284,True,10,,,,1,1,0,0,0
10000,skew,90:10,mysql,1,192,popular,531843,True,10,,,,1,1,0,0,0
10000,skew,90:10,mysql,1,193,visualize,1657691,True,10,7,3,,2,2,0,0,0
10000,skew,90:10,mysql,1,194,popular,720245,True,10,,,,1,1,0,0,0
10000,skew,90:10,mysql,1,195,visualize,1602211,True,10,6,4,,2,2,0,0,0
10000,skew,90:10,mysql,1,196,popular,829086,True,10,,,,1,1,0,0,0
10000,skew,90:10,mysql,1,197,popular,870126,True,10,,,,1,1,0,0,0
10000,skew,90:10,mysql,1,198,visualize,1580211,True,10,6,4,,2,2,0,0,0
10000,skew,90:10,mysql,1,199,popular,573924,True,10,,,,1,1,0,0,0
