mode,round,kind,path_id,depth,latency_ns,correct
optimized,0,register,990,5,61527116,True
optimized,0,register,991,10,10044911,True
optimized,0,register,992,20,13012812,True
optimized,0,update,0,5,72886796,True
optimized,0,update,1,10,6517926,True
optimized,0,update,2,20,7699575,True
optimized,1,register,990,5,60362187,True
optimized,1,register,991,10,8539620,True
optimized,1,register,992,20,10354553,True
optimized,1,update,0,5,73959204,True
optimized,1,update,1,10,20188063,True
optimized,1,update,2,20,7545694,True
optimized,2,register,990,5,6653967,True
optimized,2,register,991,10,56947324,True
optimized,2,register,992,20,9665069,True
optimized,2,update,0,5,5516640,True
optimized,2,update,1,10,6191764,True
optimized,2,update,2,20,6337405,True
