backend,distribution,n_paths,condition,arm,requests,success_requests,failure_requests,answerable_unique_queries,empty_unique_queries,top1_count,exact_order_count,exact_order_wilson95_low,exact_order_wilson95_high,mean_effective_recall,empty_correct_count,candidate_method,candidate_recall_at3,p50_ms,p95_ms,mean_db_roundtrips,mean_db_return_estimated_bytes,mean_json_bytes,max_rss_bytes,warmup_first50_p50_ms,warmup_last50_p50_ms,warmup_blocks,warmup_requests,warmup_failures
mysql,uniform,1000,hint_top10,mysql_faiss,600,600,0,190,10,190,190,0.9801824705402803,0.9999999999999999,1.0,10,ann_candidate,1.0,1.91,2.02505,0.95,6070.22,9810.155,121331712,1.8824999999999998,1.85,"[{'round': 0, 'first50_p50_ms': 1.8824999999999998, 'last50_p50_ms': 1.881, 'failures': 0}, {'round': 1, 'first50_p50_ms': 1.8505, 'last50_p50_ms': 1.845, 'failures': 0}, {'round': 2, 'first50_p50_ms': 1.829, 'last50_p50_ms': 1.85, 'failures': 0}]",600,0
mysql,uniform,1000,hint_top3,mysql_faiss,600,600,0,190,10,190,190,0.9801824705402803,0.9999999999999999,1.0,10,ann_candidate,1.0,1.852,1.9561499999999998,0.95,6070.22,9810.155,121331712,1.8559999999999999,1.7795,"[{'round': 0, 'first50_p50_ms': 1.8559999999999999, 'last50_p50_ms': 1.8265, 'failures': 0}, {'round': 1, 'first50_p50_ms': 1.8625, 'last50_p50_ms': 1.826, 'failures': 0}, {'round': 2, 'first50_p50_ms': 1.8035, 'last50_p50_ms': 1.7795, 'failures': 0}]",600,0
mysql,uniform,1000,no_hint_top10,mysql_faiss,600,600,0,190,10,190,190,0.9801824705402803,0.9999999999999999,1.0,10,ann_candidate,1.0,4.55,5.137799999999999,0.95,20147.09,32481.8,121331712,4.496,4.447,"[{'round': 0, 'first50_p50_ms': 4.496, 'last50_p50_ms': 4.6015, 'failures': 0}, {'round': 1, 'first50_p50_ms': 4.399, 'last50_p50_ms': 4.396, 'failures': 0}, {'round': 2, 'first50_p50_ms': 4.6075, 'last50_p50_ms': 4.447, 'failures': 0}]",600,0
mysql,uniform,1000,no_hint_top3,mysql_faiss,600,600,0,190,10,190,190,0.9801824705402803,0.9999999999999999,1.0,10,ann_candidate,1.0,2.052,2.4600999999999997,0.95,6080.09,9824.205,120795136,1.9215,1.98,"[{'round': 0, 'first50_p50_ms': 1.9215, 'last50_p50_ms': 2.0054999999999996, 'failures': 0}, {'round': 1, 'first50_p50_ms': 2.116, 'last50_p50_ms': 1.9585, 'failures': 0}, {'round': 2, 'first50_p50_ms': 1.9989999999999999, 'last50_p50_ms': 1.98, 'failures': 0}]",600,0
neo,uniform,1000,hint_top10,neo_optimized,600,600,0,190,10,190,190,0.9801824705402803,0.9999999999999999,1.0,10,exact_domain_scan,1.0,10.782499999999999,11.910299999999998,1,9455.555,9810.155,89141248,11.0565,10.395,"[{'round': 0, 'first50_p50_ms': 11.0565, 'last50_p50_ms': 10.9235, 'failures': 0}, {'round': 1, 'first50_p50_ms': 10.602, 'last50_p50_ms': 10.6675, 'failures': 0}, {'round': 2, 'first50_p50_ms': 10.378499999999999, 'last50_p50_ms': 10.395, 'failures': 0}]",600,0
neo,uniform,1000,hint_top10,neo_original,600,600,0,190,10,190,190,0.9801824705402803,0.9999999999999999,1.0,10,ann_candidate,1.0,36.67,60.2875,3.85,190779.69,9810.155,89141248,36.42,35.485,"[{'round': 0, 'first50_p50_ms': 36.42, 'last50_p50_ms': 36.7745, 'failures': 0}, {'round': 1, 'first50_p50_ms': 36.699, 'last50_p50_ms': 37.257, 'failures': 0}, {'round': 2, 'first50_p50_ms': 35.5685, 'last50_p50_ms': 35.485, 'failures': 0}]",600,0
neo,uniform,1000,hint_top3,neo_optimized,600,600,0,190,10,190,190,0.9801824705402803,0.9999999999999999,1.0,10,exact_domain_scan,1.0,10.763,11.7782,1,9455.555,9810.155,89141248,11.2725,10.4185,"[{'round': 0, 'first50_p50_ms': 11.2725, 'last50_p50_ms': 10.985, 'failures': 0}, {'round': 1, 'first50_p50_ms': 11.1915, 'last50_p50_ms': 10.7765, 'failures': 0}, {'round': 2, 'first50_p50_ms': 10.4255, 'last50_p50_ms': 10.4185, 'failures': 0}]",600,0
neo,uniform,1000,hint_top3,neo_original,600,600,0,190,10,190,190,0.9801824705402803,0.9999999999999999,1.0,10,ann_candidate,1.0,26.5075,28.457549999999998,3.85,104153.865,9810.155,89141248,26.93,25.925,"[{'round': 0, 'first50_p50_ms': 26.93, 'last50_p50_ms': 26.5995, 'failures': 0}, {'round': 1, 'first50_p50_ms': 28.1905, 'last50_p50_ms': 26.8885, 'failures': 0}, {'round': 2, 'first50_p50_ms': 25.982999999999997, 'last50_p50_ms': 25.925, 'failures': 0}]",600,0
neo,uniform,1000,no_hint_top10,neo_optimized,600,600,0,190,10,190,190,0.9801824705402803,0.9999999999999999,1.0,10,ann_candidate,1.0,18.6405,20.539299999999997,1,31388.11,32481.8,89141248,19.097,17.9665,"[{'round': 0, 'first50_p50_ms': 19.097, 'last50_p50_ms': 18.814, 'failures': 0}, {'round': 1, 'first50_p50_ms': 19.4915, 'last50_p50_ms': 18.905, 'failures': 0}, {'round': 2, 'first50_p50_ms': 18.2815, 'last50_p50_ms': 17.9665, 'failures': 0}]",600,0
neo,uniform,1000,no_hint_top10,neo_original,600,600,0,190,10,190,169,0.8369463496900674,0.92656420630973,0.9889473684210527,10,ann_candidate,1.0,76.674,86.00554999999999,10.5,358415.51,32435.67,89141248,78.6305,74.5995,"[{'round': 0, 'first50_p50_ms': 78.6305, 'last50_p50_ms': 77.79050000000001, 'failures': 0}, {'round': 1, 'first50_p50_ms': 81.154, 'last50_p50_ms': 79.104, 'failures': 0}, {'round': 2, 'first50_p50_ms': 75.7365, 'last50_p50_ms': 74.5995, 'failures': 0}]",600,0
neo,uniform,1000,no_hint_top3,neo_optimized,600,600,0,190,10,190,190,0.9801824705402803,0.9999999999999999,1.0,10,ann_candidate,1.0,10.5175,12.021599999999998,1,9469.105,9824.205,87871488,13.2275,9.46,"[{'round': 0, 'first50_p50_ms': 13.2275, 'last50_p50_ms': 10.885, 'failures': 0}, {'round': 1, 'first50_p50_ms': 20.474, 'last50_p50_ms': 11.5375, 'failures': 0}, {'round': 2, 'first50_p50_ms': 9.8585, 'last50_p50_ms': 9.46, 'failures': 0}]",600,0
neo,uniform,1000,no_hint_top3,neo_original,600,600,0,190,10,190,178,0.892864599842426,0.9635053481032927,0.9789473684210527,10,ann_candidate,1.0,28.5805,32.22235,3.85,107569.825,9791.45,87871488,34.43000000000001,26.168,"[{'round': 0, 'first50_p50_ms': 34.43000000000001, 'last50_p50_ms': 29.2435, 'failures': 0}, {'round': 1, 'first50_p50_ms': 72.461, 'last50_p50_ms': 31.856, 'failures': 0}, {'round': 2, 'first50_p50_ms': 27.2985, 'last50_p50_ms': 26.168, 'failures': 0}]",600,0
