scenario,profile,cache,implementation,iteration,utc_started,content_visible_ms,click_to_content_ms,lcp_ms,ttfb_ms,dcl_ms,load_ms,request_count,api_request_count,api_server_request_count
erd_document,M,cold,csr,1,2026-10-07T10:55:09.681Z,3648.069,,3812,12.8,1426.5,2517.2,82,6,6
erd_document,M,cold,hybrid,1,2026-10-07T10:55:03.466Z,1575.538,,3936,11.5,1538.3,3377.4,89,9,9
erd_document,M,cold,static,1,2026-10-07T10:54:57.509Z,856.049,,864,13.2,814.8,2611.2,51,1,0
erd_document,M,cold,csr,2,2026-10-07T10:55:15.661Z,3380.288,,3528,10.7,1429.9,2558.9,82,6,6
erd_document,M,cold,hybrid,2,2026-10-07T10:55:21.898Z,1586.083,,4100,11.6,1548.1,3654.9,87,9,9
erd_document,M,cold,static,2,2026-10-07T10:55:28.236Z,1607.389,,1592,738.7,1545.5,3744.2,51,1,0
erd_document,M,cold,csr,3,2026-10-07T10:55:45.565Z,3615.379,,4256,12.9,1441.1,2719.8,85,6,6
erd_document,M,cold,hybrid,3,2026-10-07T10:55:39.381Z,1594.412,,3932,14.1,1561.5,3354.1,89,9,9
erd_document,M,cold,static,3,2026-10-07T10:55:33.412Z,865.854,,868,12.3,812.5,2583.7,51,1,0
erd_document,M,cold,csr,4,2026-10-07T10:55:51.677Z,3535.691,,4200,11.1,1426.7,2728.1,82,6,6
erd_document,M,cold,hybrid,4,2026-10-07T10:55:57.634Z,1580.248,,3984,16.2,1540.6,3389.3,89,9,9
erd_document,M,cold,static,4,2026-10-07T10:56:03.274Z,898.364,,896,11.2,848.9,3053.8,51,1,0
erd_document,M,cold,csr,5,2026-10-07T10:56:21.618Z,3346.305,,3476,11.4,1428.1,2513.8,82,6,6
erd_document,M,cold,hybrid,5,2026-10-07T10:56:15.680Z,1579.21,,4024,14.2,1541.7,3590.8,89,9,9
erd_document,M,cold,static,5,2026-10-07T10:56:09.502Z,892.236,,896,14.5,838.1,3639.4,51,1,0
erd_document,M,cold,csr,6,2026-10-07T10:56:27.784Z,3605.302,,3776,11.3,1418.9,2503.9,82,6,6
erd_document,M,cold,hybrid,6,2026-10-07T10:56:33.865Z,1579.42,,4116,11,1536.3,3507.3,89,9,9
erd_document,M,cold,static,6,2026-10-07T10:56:39.968Z,868.707,,880,13.4,835.7,3510.2,51,1,0
erd_document,M,cold,csr,7,2026-10-07T10:56:58.458Z,4062.794,,4696,733.7,2149.8,3233.6,82,6,6
erd_document,M,cold,hybrid,7,2026-10-07T10:56:51.833Z,1647.945,,3960,10.9,1570,3388,89,9,9
erd_document,M,cold,static,7,2026-10-07T10:56:45.882Z,884.885,,876,11.8,834.7,3339,51,1,0
erd_document,M,cold,csr,8,2026-10-07T10:57:04.686Z,3672.774,,3840,11.4,1479,2564.9,82,6,6
erd_document,M,cold,hybrid,8,2026-10-07T10:57:10.652Z,1578.23,,3952,11.3,1534.8,3389.2,89,9,9
erd_document,M,cold,static,8,2026-10-07T10:57:16.294Z,868.569,,860,11.5,818.4,3060.9,51,1,0
erd_document,M,cold,csr,9,2026-10-07T10:57:34.789Z,3317.298,,3952,10.2,1425.8,2510,82,6,6
erd_document,M,cold,hybrid,9,2026-10-07T10:57:28.892Z,2144.351,,2088,13.7,2037.6,4260.8,89,9,9
erd_document,M,cold,static,9,2026-10-07T10:57:22.057Z,850.483,,860,12.2,813.6,3188.3,51,1,0
erd_document,M,cold,csr,10,2026-10-07T10:57:40.713Z,3340.114,,3992,10.5,1427.8,2515.6,82,6,6
erd_document,M,cold,hybrid,10,2026-10-07T10:57:46.669Z,1581.181,,3924,11.6,1545.5,3388.9,89,9,9
erd_document,M,cold,static,10,2026-10-07T10:57:52.895Z,851.488,,860,12.9,820.3,3646,51,1,0
erd_document,M,cold,csr,11,2026-10-07T10:58:10.825Z,3726.003,,4332,11.4,1428.4,2590.7,82,6,6
erd_document,M,cold,hybrid,11,2026-10-07T10:58:04.521Z,1770.447,,3996,11.5,1731.7,3461.3,89,9,9
erd_document,M,cold,static,11,2026-10-07T10:57:58.491Z,845.479,,852,11.4,808.3,3009,51,1,0
erd_document,M,cold,csr,12,2026-10-07T10:58:17.200Z,3809.155,,4444,10.5,1428.1,2681.4,82,6,6
erd_document,M,cold,hybrid,12,2026-10-07T10:58:23.172Z,1570.042,,3940,11.6,1534.1,3384.2,89,9,9
erd_document,M,cold,static,12,2026-10-07T10:58:29.491Z,1576.102,,1576,716.6,1534,3729.1,51,1,0
erd_document,M,cold,csr,13,2026-10-07T10:58:47.795Z,3332.09,,3472,9.5,1429.1,2512.6,82,6,6
erd_document,M,cold,hybrid,13,2026-10-07T10:58:41.895Z,1581.788,,4156,11,1544,3611.9,89,9,9
erd_document,M,cold,static,13,2026-10-07T10:58:35.724Z,864.988,,868,13.4,823.9,3653.9,51,1,0
erd_document,M,cold,csr,14,2026-10-07T10:58:53.844Z,3466.487,,3616,10.8,2019.2,2970.2,85,6,6
erd_document,M,cold,hybrid,14,2026-10-07T10:58:59.978Z,1586.48,,4132,11.5,1546.9,3556.5,87,9,9
erd_document,M,cold,static,14,2026-10-07T10:59:05.574Z,861.602,,864,12,819.9,3009.3,51,1,0
erd_document,M,cold,csr,15,2026-10-07T10:59:24.028Z,3452.051,,4140,11.2,1515.3,2600.8,82,6,6
erd_document,M,cold,hybrid,15,2026-10-07T10:59:17.984Z,1596.898,,4132,10.5,1412.6,3559.2,89,9,9
erd_document,M,cold,static,15,2026-10-07T10:59:11.860Z,872.525,,888,12.9,830.9,3713.5,51,1,0
erd_document,M,warm,csr,1,2026-10-07T11:00:00.011Z,944.1,,1072,2.2,175.7,216.3,82,6,6
erd_document,M,warm,hybrid,1,2026-10-07T10:59:56.557Z,454.679,,280,5.1,265.6,265.6,89,9,9
erd_document,M,warm,static,1,2026-10-07T10:59:53.594Z,375.223,,292,5,284.2,284.3,56,1,0
erd_document,M,warm,csr,2,2026-10-07T11:00:03.473Z,952.972,,1100,3.6,177.4,215.8,85,6,6
erd_document,M,warm,hybrid,2,2026-10-07T11:00:06.437Z,447.722,,280,3.6,258.1,258.4,89,9,9
erd_document,M,warm,static,2,2026-10-07T11:00:07.330Z,580.66,,248,9,259.1,259.1,56,1,0
erd_document,M,warm,csr,3,2026-10-07T11:00:14.995Z,1031.809,,1160,6.5,204.9,250.3,82,6,6
erd_document,M,warm,hybrid,3,2026-10-07T11:00:11.447Z,639.643,,856,6.9,373.6,373.8,89,9,9
erd_document,M,warm,static,3,2026-10-07T11:00:08.296Z,361.906,,224,4.3,255.1,255.1,56,1,0
erd_document,M,warm,csr,4,2026-10-07T11:00:18.513Z,993.403,,1136,4.3,182.3,205.4,82,6,6
erd_document,M,warm,hybrid,4,2026-10-07T11:00:21.506Z,469.39,,280,3.4,260.3,260.7,89,9,9
erd_document,M,warm,static,4,2026-10-07T11:00:22.542Z,381.835,,304,3.9,288.3,288.3,56,1,0
erd_document,M,warm,csr,5,2026-10-07T11:00:30.021Z,1000.344,,1152,4.1,187.5,229.9,85,6,6
erd_document,M,warm,hybrid,5,2026-10-07T11:00:26.500Z,472.915,,816,3.4,261.1,261.2,89,9,9
erd_document,M,warm,static,5,2026-10-07T11:00:23.516Z,382.896,,280,5,281.3,281.3,56,1,0
erd_document,M,warm,csr,6,2026-10-07T11:00:33.508Z,978.716,,1136,4.2,184.9,204.1,85,6,6
erd_document,M,warm,hybrid,6,2026-10-07T11:00:36.576Z,555.967,,288,3.5,263,263,89,9,9
erd_document,M,warm,static,6,2026-10-07T11:00:37.654Z,397.445,,300,3.9,301.3,301.3,56,1,0
erd_document,M,warm,csr,7,2026-10-07T11:00:45.102Z,1014.867,,1188,6.2,230.2,277.8,82,6,6
erd_document,M,warm,hybrid,7,2026-10-07T11:00:41.572Z,468.386,,268,8.3,270,270.5,85,9,9
erd_document,M,warm,static,7,2026-10-07T11:00:38.593Z,350.316,,252,5.1,257.2,257.2,56,1,0
erd_document,M,warm,csr,8,2026-10-07T11:00:48.603Z,979.899,,1124,2.7,179.2,198.2,85,6,6
erd_document,M,warm,hybrid,8,2026-10-07T11:00:51.564Z,443.777,,752,3.3,267.4,267.4,89,9,9
erd_document,M,warm,static,8,2026-10-07T11:00:52.594Z,342.279,,268,4.4,268.6,268.7,56,1,0
erd_document,M,warm,csr,9,2026-10-07T11:01:00.048Z,948.926,,1080,2.5,181.6,204,82,6,6
erd_document,M,warm,hybrid,9,2026-10-07T11:00:56.576Z,528.309,,296,5.9,275.2,275.4,89,9,9
erd_document,M,warm,static,9,2026-10-07T11:00:53.541Z,332.882,,324,4.6,264.6,264.7,56,1,0
erd_document,M,warm,csr,10,2026-10-07T11:01:03.496Z,936.971,,1080,2.8,174.1,214.3,85,6,6
erd_document,M,warm,hybrid,10,2026-10-07T11:01:06.494Z,470.072,,264,3.8,256.9,258.4,89,9,9
erd_document,M,warm,static,10,2026-10-07T11:01:07.528Z,390.646,,296,6.7,279.4,279.4,56,1,0
erd_document,M,warm,csr,11,2026-10-07T11:01:15.043Z,1014.873,,1188,3.1,188.5,223,85,6,6
erd_document,M,warm,hybrid,11,2026-10-07T11:01:11.519Z,475.903,,272,4.5,275.6,277.8,89,9,9
erd_document,M,warm,static,11,2026-10-07T11:01:08.526Z,386.557,,280,6.2,304.4,304.5,56,1,0
erd_document,M,warm,csr,12,2026-10-07T11:01:18.535Z,982.113,,1132,3,192.8,212.5,82,6,6
erd_document,M,warm,hybrid,12,2026-10-07T11:01:21.612Z,562.53,,296,3.8,264.5,264.6,89,9,9
erd_document,M,warm,static,12,2026-10-07T11:01:22.591Z,389.428,,260,3.9,262.6,262.7,56,1,0
erd_document,M,warm,csr,13,2026-10-07T11:01:30.193Z,1028.752,,1232,3.5,176.6,221.8,85,6,6
erd_document,M,warm,hybrid,13,2026-10-07T11:01:26.641Z,463.494,,808,6.5,263,263,89,9,9
erd_document,M,warm,static,13,2026-10-07T11:01:23.653Z,413.943,,256,4.6,283.1,283.1,56,1,0
erd_document,M,warm,csr,14,2026-10-07T11:01:33.703Z,986.599,,1160,3.3,180.3,225.4,85,6,6
erd_document,M,warm,hybrid,14,2026-10-07T11:01:36.810Z,593.863,,276,4,266.2,267.7,89,9,9
erd_document,M,warm,static,14,2026-10-07T11:01:37.924Z,413.436,,356,11.6,353.8,353.8,56,1,0
erd_document,M,warm,csr,15,2026-10-07T11:01:45.446Z,993.021,,1136,2.7,189.3,212.9,85,6,6
erd_document,M,warm,hybrid,15,2026-10-07T11:01:41.939Z,483.424,,284,3.7,265.4,265.5,89,9,9
erd_document,M,warm,static,15,2026-10-07T11:01:38.949Z,408.433,,292,6.6,311.9,312,56,1,0
erd_document,R,cold,csr,1,2026-10-07T10:50:24.840Z,719.712,,892,11.3,117.2,260.9,82,6,6
erd_document,R,cold,hybrid,1,2026-10-07T10:50:21.567Z,587.46,,1052,11.3,348.7,387.8,91,9,9
erd_document,R,cold,static,1,2026-10-07T10:50:18.399Z,335.955,,320,12.6,280.9,429.8,55,1,0
erd_document,R,cold,csr,2,2026-10-07T10:50:28.164Z,762.35,,956,11.8,282.5,282.5,85,6,6
erd_document,R,cold,hybrid,2,2026-10-07T10:50:31.396Z,660.788,,1044,11.5,358.7,406.2,87,9,9
erd_document,R,cold,static,2,2026-10-07T10:50:33.065Z,449.188,,304,12.6,352.1,370.5,55,1,0
erd_document,R,cold,csr,3,2026-10-07T10:50:41.165Z,735.754,,872,11.4,264.4,264.6,82,6,6
erd_document,R,cold,hybrid,3,2026-10-07T10:50:37.860Z,460.793,,1064,10.9,268.8,396.2,89,9,9
erd_document,R,cold,static,3,2026-10-07T10:50:34.821Z,472.75,,312,15.3,389.4,397,55,1,0
erd_document,R,cold,csr,4,2026-10-07T10:50:44.553Z,810.385,,1032,11.1,301.3,301.3,85,6,6
erd_document,R,cold,hybrid,4,2026-10-07T10:50:47.845Z,711.542,,1100,13.9,364.6,404.6,89,9,9
erd_document,R,cold,static,4,2026-10-07T10:50:49.548Z,327.297,,344,13.2,288.7,449.7,55,1,0
erd_document,R,cold,csr,5,2026-10-07T10:50:57.974Z,794.934,,988,11.6,266,266.1,85,6,6
erd_document,R,cold,hybrid,5,2026-10-07T10:50:54.570Z,687.009,,1076,13.1,362.9,424.4,87,9,9
erd_document,R,cold,static,5,2026-10-07T10:50:51.305Z,461.907,,312,16.2,379,381,55,1,0
erd_document,R,cold,csr,6,2026-10-07T10:51:01.289Z,746.102,,928,12.5,260.5,273.3,82,6,6
erd_document,R,cold,hybrid,6,2026-10-07T10:51:05.010Z,1147.853,,1720,714.7,980,1080.9,89,9,9
erd_document,R,cold,static,6,2026-10-07T10:51:06.748Z,493.841,,312,13.6,419.4,419.6,55,1,0
erd_document,R,cold,csr,7,2026-10-07T10:51:14.901Z,722.937,,912,10.4,112.6,272.1,82,6,6
erd_document,R,cold,hybrid,7,2026-10-07T10:51:11.608Z,558.185,,1028,11.5,338.4,382.5,89,9,9
erd_document,R,cold,static,7,2026-10-07T10:51:08.475Z,341.077,,328,11.4,280.5,430.4,55,1,0
erd_document,R,cold,csr,8,2026-10-07T10:51:18.224Z,756.658,,936,10.9,272.5,272.6,82,6,6
erd_document,R,cold,hybrid,8,2026-10-07T10:51:21.409Z,603.016,,1040,12.4,354.4,439.5,89,9,9
erd_document,R,cold,static,8,2026-10-07T10:51:23.146Z,484.978,,308,11.7,431.4,431.4,55,1,0
erd_document,R,cold,csr,9,2026-10-07T10:51:31.307Z,753.261,,936,10.1,276.3,276.4,82,6,6
erd_document,R,cold,hybrid,9,2026-10-07T10:51:27.987Z,520.954,,1112,10.9,360,418.7,89,9,9
erd_document,R,cold,static,9,2026-10-07T10:51:24.890Z,485.372,,328,16,407.4,407.6,55,1,0
erd_document,R,cold,csr,10,2026-10-07T10:51:34.610Z,724.131,,932,10.3,273.8,274,82,6,6
erd_document,R,cold,hybrid,10,2026-10-07T10:51:37.900Z,705.425,,1088,11.6,357.9,426.1,89,9,9
erd_document,R,cold,static,10,2026-10-07T10:51:39.636Z,472.296,,304,13,387.6,388,55,1,0
erd_document,R,cold,csr,11,2026-10-07T10:51:47.934Z,728.352,,916,11.4,258.7,282.8,82,6,6
erd_document,R,cold,hybrid,11,2026-10-07T10:51:44.621Z,667.108,,1044,12.5,374.4,404.3,89,9,9
erd_document,R,cold,static,11,2026-10-07T10:51:41.371Z,461.694,,308,12.4,377.8,378.1,55,1,0
erd_document,R,cold,csr,12,2026-10-07T10:51:51.260Z,746.7,,952,11.1,195.6,267.6,82,6,6
erd_document,R,cold,hybrid,12,2026-10-07T10:51:54.284Z,451.494,,1068,12.5,282.3,382.4,89,9,9
erd_document,R,cold,static,12,2026-10-07T10:51:56.048Z,486.919,,360,12.4,300.2,427.4,55,1,0
erd_document,R,cold,csr,13,2026-10-07T10:52:04.304Z,733.858,,936,10.6,255.7,255.8,82,6,6
erd_document,R,cold,hybrid,13,2026-10-07T10:52:01.000Z,625.163,,1080,13.7,354.2,445.9,89,9,9
erd_document,R,cold,static,13,2026-10-07T10:51:57.788Z,470.612,,308,14.7,438.5,438.6,55,1,0
erd_document,R,cold,csr,14,2026-10-07T10:52:07.635Z,765.826,,940,11.2,260.8,261,85,6,6
erd_document,R,cold,hybrid,14,2026-10-07T10:52:10.914Z,709.992,,1092,12.2,363.7,456.5,87,9,9
erd_document,R,cold,static,14,2026-10-07T10:52:12.629Z,443.123,,304,14.2,369.6,369.9,55,1,0
erd_document,R,cold,csr,15,2026-10-07T10:52:20.931Z,791.51,,980,17.6,300.1,300.1,85,6,6
erd_document,R,cold,hybrid,15,2026-10-07T10:52:17.571Z,611.242,,1068,11.2,361.3,414.7,87,9,9
erd_document,R,cold,static,15,2026-10-07T10:52:14.376Z,463.311,,312,12.5,388.1,388.3,55,1,0
erd_document,R,warm,csr,1,2026-10-07T10:52:42.519Z,480.53,,668,2.7,66.7,122.5,85,6,6
erd_document,R,warm,hybrid,1,2026-10-07T10:52:39.534Z,321.927,,236,4.4,75.6,113.1,89,9,9
erd_document,R,warm,static,1,2026-10-07T10:52:36.685Z,450.962,,188,4.1,120.8,120.9,56,1,0
erd_document,R,warm,csr,2,2026-10-07T10:52:45.517Z,470.501,,644,2.4,68.9,100.9,82,6,6
erd_document,R,warm,hybrid,2,2026-10-07T10:52:48.341Z,308.178,,200,3.6,73.4,147,89,9,9
erd_document,R,warm,static,2,2026-10-07T10:52:49.122Z,461.113,,192,4.9,145.3,145.4,56,1,0
erd_document,R,warm,csr,3,2026-10-07T10:52:55.850Z,507.796,,688,3.6,59.1,90.8,82,6,6
erd_document,R,warm,hybrid,3,2026-10-07T10:52:52.816Z,322.502,,220,4.9,77,118.7,89,9,9
erd_document,R,warm,static,3,2026-10-07T10:52:49.976Z,214.986,,192,4.5,125,125.1,56,1,0
erd_document,R,warm,csr,4,2026-10-07T10:52:58.831Z,461.988,,624,2.5,67.5,88.7,82,6,6
erd_document,R,warm,hybrid,4,2026-10-07T10:53:01.667Z,310.185,,204,3.1,74.4,110.9,91,9,9
erd_document,R,warm,static,4,2026-10-07T10:53:02.513Z,225.979,,172,3.8,135.4,135.5,56,1,0
erd_document,R,warm,csr,5,2026-10-07T10:53:09.194Z,476.433,,612,2.5,73.8,95.1,82,6,6
erd_document,R,warm,hybrid,5,2026-10-07T10:53:06.204Z,320.488,,208,3.6,71.4,107.5,89,9,9
erd_document,R,warm,static,5,2026-10-07T10:53:03.375Z,243.577,,236,3.9,168.3,168.3,56,1,0
erd_document,R,warm,csr,6,2026-10-07T10:53:12.127Z,426.854,,576,2.4,66.6,88.3,82,6,6
erd_document,R,warm,hybrid,6,2026-10-07T10:53:14.899Z,260.518,,216,3.4,77.3,163.3,89,9,9
erd_document,R,warm,static,6,2026-10-07T10:53:15.777Z,290.699,,228,4,148.6,148.6,56,1,0
erd_document,R,warm,csr,7,2026-10-07T10:53:22.446Z,471.246,,644,2.6,71.7,90.7,82,6,6
erd_document,R,warm,hybrid,7,2026-10-07T10:53:19.462Z,315.87,,212,3.4,75.1,111.7,89,9,9
erd_document,R,warm,static,7,2026-10-07T10:53:16.631Z,209.149,,168,4,132.7,132.8,56,1,0
erd_document,R,warm,csr,8,2026-10-07T10:53:25.387Z,426.853,,568,3.1,71,91.1,82,6,6
erd_document,R,warm,hybrid,8,2026-10-07T10:53:28.221Z,327.263,,216,4.1,76.9,168.6,89,9,9
erd_document,R,warm,static,8,2026-10-07T10:53:29.041Z,638.872,,212,5.4,147,147.1,56,1,0
erd_document,R,warm,csr,9,2026-10-07T10:53:35.761Z,471.822,,640,3,62.5,92.3,82,6,6
erd_document,R,warm,hybrid,9,2026-10-07T10:53:32.765Z,316.672,,188,5,76.4,150,91,9,9
erd_document,R,warm,static,9,2026-10-07T10:53:29.930Z,276.478,,208,4.5,123.9,123.9,56,1,0
erd_document,R,warm,csr,10,2026-10-07T10:53:38.737Z,457.344,,636,2.6,63.2,108.4,82,6,6
erd_document,R,warm,hybrid,10,2026-10-07T10:53:41.554Z,303.638,,220,3.4,73.7,109.5,91,9,9
erd_document,R,warm,static,10,2026-10-07T10:53:42.462Z,271.515,,220,4.3,164.3,164.3,56,1,0
erd_document,R,warm,csr,11,2026-10-07T10:53:49.050Z,442.677,,604,2.7,59.8,104.9,82,6,6
erd_document,R,warm,hybrid,11,2026-10-07T10:53:46.104Z,318.782,,224,5.8,72.9,114.6,89,9,9
erd_document,R,warm,static,11,2026-10-07T10:53:43.271Z,255.016,,212,4.5,147.1,147.1,56,1,0
erd_document,R,warm,csr,12,2026-10-07T10:53:51.989Z,431.427,,608,2.6,66.8,97.6,82,6,6
erd_document,R,warm,hybrid,12,2026-10-07T10:53:54.769Z,254.319,,192,2.9,73,157.1,91,9,9
erd_document,R,warm,static,12,2026-10-07T10:53:55.618Z,254.429,,220,4.4,159.3,159.4,56,1,0
erd_document,R,warm,csr,13,2026-10-07T10:54:02.192Z,440.617,,612,2.5,60.6,78.6,82,6,6
erd_document,R,warm,hybrid,13,2026-10-07T10:53:59.243Z,249.479,,228,5,74.8,116.2,89,9,9
erd_document,R,warm,static,13,2026-10-07T10:53:56.468Z,244.85,,216,5.6,149.6,149.7,56,1,0
erd_document,R,warm,csr,14,2026-10-07T10:54:05.161Z,450.532,,604,2.6,69.2,88,82,6,6
erd_document,R,warm,hybrid,14,2026-10-07T10:54:08.018Z,342.51,,208,3.6,76.4,111.7,89,9,9
erd_document,R,warm,static,14,2026-10-07T10:54:08.824Z,203.564,,176,3.8,126.8,126.8,56,1,0
erd_document,R,warm,csr,15,2026-10-07T10:54:15.424Z,474.479,,652,2.4,64.3,106.7,82,6,6
erd_document,R,warm,hybrid,15,2026-10-07T10:54:12.446Z,306.773,,156,5.6,64,148.3,89,9,9
erd_document,R,warm,static,15,2026-10-07T10:54:09.628Z,242.803,,188,6,120.2,120.2,56,1,0
general_post,M,cold,csr,1,2026-10-07T11:06:20.587Z,2954.044,,3052,10.3,1418.7,2414.2,63,5,5
general_post,M,cold,hybrid,1,2026-10-07T11:06:15.046Z,2973.452,,3040,11.4,1430.9,2436.3,60,5,5
general_post,M,cold,static,1,2026-10-07T11:06:09.468Z,785.628,,776,11,748.7,2245.2,23,1,0
general_post,M,cold,csr,2,2026-10-07T11:06:26.312Z,3144.079,,3240,10.8,1418.6,2655.1,63,5,5
general_post,M,cold,hybrid,2,2026-10-07T11:06:31.893Z,3021.321,,3072,11,1450.2,2460,60,5,5
general_post,M,cold,static,2,2026-10-07T11:06:34.826Z,770.012,,772,12.3,724.4,2364.6,23,1,0
general_post,M,cold,csr,3,2026-10-07T11:06:49.085Z,3374.007,,3472,427.6,1809.3,2837.5,63,5,5
general_post,M,cold,hybrid,3,2026-10-07T11:06:43.146Z,2991.828,,3036,11.8,1436.4,2447.5,60,5,5
general_post,M,cold,static,3,2026-10-07T11:06:37.579Z,759.727,,772,12.2,728,2171,23,1,0
general_post,M,cold,csr,4,2026-10-07T11:06:54.713Z,3071.848,,3164,10.8,1389.5,2580.8,63,5,5
general_post,M,cold,hybrid,4,2026-10-07T11:07:00.691Z,3415.094,,3476,428.6,1860.4,2871.1,60,5,5
general_post,M,cold,static,4,2026-10-07T11:07:03.501Z,778.676,,768,11.4,729.1,2229,23,1,0
general_post,M,cold,csr,5,2026-10-07T11:07:17.568Z,3000.932,,3096,10.5,1528.9,2467.2,63,5,5
general_post,M,cold,hybrid,5,2026-10-07T11:07:11.995Z,2981.773,,3036,10,1437.3,2444.5,60,5,5
general_post,M,cold,static,5,2026-10-07T11:07:06.452Z,782.398,,772,13.2,736.2,2379,23,1,0
general_post,M,cold,csr,6,2026-10-07T11:07:24.301Z,2724.427,,2832,12.5,1819.3,4170.6,66,5,5
general_post,M,cold,hybrid,6,2026-10-07T11:07:29.989Z,3109.583,,3176,12.2,1440.9,2623.4,60,5,5
general_post,M,cold,static,6,2026-10-07T11:07:32.724Z,753.689,,764,12.8,723.8,2161.7,23,1,0
general_post,M,cold,csr,7,2026-10-07T11:07:48.040Z,2958.48,,3068,10,1419.5,2416.1,63,5,5
general_post,M,cold,hybrid,7,2026-10-07T11:07:42.523Z,2904.91,,2960,12.8,2011.7,4492.9,63,5,5
general_post,M,cold,static,7,2026-10-07T11:07:35.466Z,793.241,,768,11,726,2173.7,23,1,0
general_post,M,cold,csr,8,2026-10-07T11:07:53.582Z,2961.684,,3064,11,1419,2414.8,63,5,5
general_post,M,cold,hybrid,8,2026-10-07T11:07:59.135Z,2989.672,,3048,12.2,1442.4,2455.7,60,5,5
general_post,M,cold,static,8,2026-10-07T11:08:02.090Z,775.644,,768,15.1,731.6,2386.7,23,1,0
general_post,M,cold,csr,9,2026-10-07T11:08:16.152Z,3176.82,,3276,12.5,1417.1,2631.9,63,5,5
general_post,M,cold,hybrid,9,2026-10-07T11:08:10.407Z,2993.987,,3044,13.2,1450.8,2444.1,60,5,5
general_post,M,cold,static,9,2026-10-07T11:08:04.834Z,763.312,,760,11.3,725.9,2165.3,23,1,0
general_post,M,cold,csr,10,2026-10-07T11:08:23.138Z,2782.888,,2920,12.2,1831.3,4403.2,66,5,5
general_post,M,cold,hybrid,10,2026-10-07T11:08:28.714Z,3013.118,,3068,11.4,1436.7,2448.5,63,5,5
general_post,M,cold,static,10,2026-10-07T11:08:32.600Z,1724.412,,1724,962.5,1685.5,3315.7,23,1,0
general_post,M,cold,csr,11,2026-10-07T11:08:47.939Z,2848.559,,2960,11.2,1930.3,4478.7,66,5,5
general_post,M,cold,hybrid,11,2026-10-07T11:08:40.876Z,2984.158,,3044,12.1,1441.5,2450.6,60,5,5
general_post,M,cold,static,11,2026-10-07T11:08:35.339Z,756.296,,760,12.6,717.8,2165.7,23,1,0
general_post,M,cold,csr,12,2026-10-07T11:08:53.483Z,2965.588,,3068,12.7,1437,2423.2,63,5,5
general_post,M,cold,hybrid,12,2026-10-07T11:09:00.291Z,2872.921,,2924,11.8,1984.2,4215.5,63,5,5
general_post,M,cold,static,12,2026-10-07T11:09:03.049Z,780.766,,772,12.4,726.7,2184.7,23,1,0
general_post,M,cold,csr,13,2026-10-07T11:09:19.732Z,2904.033,,3024,11.7,2010,4655.8,66,5,5
general_post,M,cold,hybrid,13,2026-10-07T11:09:12.482Z,2748.132,,2808,15.6,1797,4107.6,63,5,5
general_post,M,cold,static,13,2026-10-07T11:09:05.791Z,775.569,,760,14.2,727.2,2166.8,23,1,0
general_post,M,cold,csr,14,2026-10-07T11:09:25.405Z,3087.891,,3244,16.4,1435.8,2584.8,63,5,5
general_post,M,cold,hybrid,14,2026-10-07T11:09:31.096Z,3119.559,,3168,10.4,1436.2,2617.7,60,5,5
general_post,M,cold,static,14,2026-10-07T11:09:33.921Z,813.538,,800,22.5,762.4,2212,23,1,0
general_post,M,cold,csr,15,2026-10-07T11:09:49.299Z,2989.912,,3120,10.6,1397.5,2429.4,63,5,5
general_post,M,cold,hybrid,15,2026-10-07T11:09:43.736Z,2872.278,,2912,16,1967.7,4398.4,63,5,5
general_post,M,cold,static,15,2026-10-07T11:09:36.770Z,809.114,,800,11.6,751.6,2264,23,1,0
general_post,M,warm,csr,1,2026-10-07T11:10:17.795Z,656.934,,760,3,175.9,202.4,63,5,5
general_post,M,warm,hybrid,1,2026-10-07T11:10:14.635Z,685.833,,728,6.4,194.9,241,63,5,5
general_post,M,warm,static,1,2026-10-07T11:10:11.444Z,287.716,,268,7.1,235.4,235.4,23,1,0
general_post,M,warm,csr,2,2026-10-07T11:10:20.965Z,658.081,,756,3.3,180.1,205.2,63,5,5
general_post,M,warm,hybrid,2,2026-10-07T11:10:24.137Z,667.597,,712,4.3,182.4,215.5,60,5,5
general_post,M,warm,static,2,2026-10-07T11:10:24.907Z,258.55,,220,4.5,223.6,223.8,23,1,0
general_post,M,warm,csr,3,2026-10-07T11:10:32.020Z,667.969,,748,2.3,179.9,206,63,5,5
general_post,M,warm,hybrid,3,2026-10-07T11:10:28.836Z,649.792,,732,2.8,184.1,204.3,60,5,5
general_post,M,warm,static,3,2026-10-07T11:10:25.683Z,264.999,,224,3.6,229.8,229.8,23,1,0
general_post,M,warm,csr,4,2026-10-07T11:10:35.189Z,658.372,,756,2.6,184.2,230.2,63,5,5
general_post,M,warm,hybrid,4,2026-10-07T11:10:38.368Z,673.203,,716,4.4,193.6,219.8,60,5,5
general_post,M,warm,static,4,2026-10-07T11:10:39.148Z,267.472,,256,4,226.8,226.8,23,1,0
general_post,M,warm,csr,5,2026-10-07T11:10:46.237Z,651.431,,760,2.3,176,230.2,63,5,5
general_post,M,warm,hybrid,5,2026-10-07T11:10:43.076Z,634.99,,700,3.1,180.7,223.9,60,5,5
general_post,M,warm,static,5,2026-10-07T11:10:39.927Z,265.993,,244,3.5,220.1,220.1,23,1,0
general_post,M,warm,csr,6,2026-10-07T11:10:49.399Z,633.228,,716,2.4,183.3,201,63,5,5
general_post,M,warm,hybrid,6,2026-10-07T11:10:52.558Z,652.902,,736,3.5,184.7,216.7,60,5,5
general_post,M,warm,static,6,2026-10-07T11:10:53.346Z,276.078,,268,6.3,225.8,225.8,23,1,0
general_post,M,warm,csr,7,2026-10-07T11:11:00.455Z,653.634,,740,2.7,186.9,219.9,63,5,5
general_post,M,warm,hybrid,7,2026-10-07T11:10:57.276Z,642.291,,688,3.5,176.5,215.2,60,5,5
general_post,M,warm,static,7,2026-10-07T11:10:54.109Z,253.22,,248,3.6,219.8,219.9,23,1,0
general_post,M,warm,csr,8,2026-10-07T11:11:03.611Z,649.926,,748,2.6,174.2,193.4,63,5,5
general_post,M,warm,hybrid,8,2026-10-07T11:11:06.774Z,657.025,,712,2.8,183.6,216.3,60,5,5
general_post,M,warm,static,8,2026-10-07T11:11:07.522Z,278.993,,292,5.3,233.4,233.4,23,1,0
general_post,M,warm,csr,9,2026-10-07T11:11:14.626Z,663.244,,768,3.5,183.8,216.6,63,5,5
general_post,M,warm,hybrid,9,2026-10-07T11:11:11.454Z,634.79,,704,2.8,179.1,222.8,60,5,5
general_post,M,warm,static,9,2026-10-07T11:11:08.292Z,257.334,,252,4.1,218.6,218.7,23,1,0
general_post,M,warm,csr,10,2026-10-07T11:11:17.795Z,641.91,,728,3.2,179.4,200.5,63,5,5
general_post,M,warm,hybrid,10,2026-10-07T11:11:20.969Z,645.873,,712,3.3,185,217.8,63,5,5
general_post,M,warm,static,10,2026-10-07T11:11:21.766Z,284.731,,232,6.1,238.9,239.1,23,1,0
general_post,M,warm,csr,11,2026-10-07T11:11:28.884Z,690.217,,796,2.6,186.7,230.2,63,5,5
general_post,M,warm,hybrid,11,2026-10-07T11:11:25.679Z,645.181,,712,2.9,181.9,218.1,60,5,5
general_post,M,warm,static,11,2026-10-07T11:11:22.516Z,262.572,,228,4.3,231.3,231.3,23,1,0
general_post,M,warm,csr,12,2026-10-07T11:11:32.016Z,627.776,,728,2.5,176.4,217.3,63,5,5
general_post,M,warm,hybrid,12,2026-10-07T11:11:35.185Z,661.747,,712,2.9,186.5,217.9,60,5,5
general_post,M,warm,static,12,2026-10-07T11:11:35.916Z,245.117,,216,3.8,210.9,210.9,23,1,0
general_post,M,warm,csr,13,2026-10-07T11:11:43.033Z,671.825,,760,5,188.5,234.1,63,5,5
general_post,M,warm,hybrid,13,2026-10-07T11:11:39.835Z,653.542,,712,2.3,188.3,232.5,60,5,5
general_post,M,warm,static,13,2026-10-07T11:11:36.676Z,274.2,,224,3.6,230.7,230.8,23,1,0
general_post,M,warm,csr,14,2026-10-07T11:11:46.212Z,665.842,,748,3.1,191.8,236.8,63,5,5
general_post,M,warm,hybrid,14,2026-10-07T11:11:49.398Z,659.572,,728,3,182.5,222.1,60,5,5
general_post,M,warm,static,14,2026-10-07T11:11:50.157Z,249.676,,260,4.1,217.8,217.9,23,1,0
general_post,M,warm,csr,15,2026-10-07T11:11:57.249Z,678.945,,784,3.6,184.3,241.8,63,5,5
general_post,M,warm,hybrid,15,2026-10-07T11:11:54.064Z,646.304,,696,2.7,181.2,226.6,60,5,5
general_post,M,warm,static,15,2026-10-07T11:11:50.908Z,263.84,,220,3.6,218.6,218.6,23,1,0
general_post,R,cold,csr,1,2026-10-07T11:02:07.165Z,593.991,,760,12.1,268.2,268.4,63,5,5
general_post,R,cold,hybrid,1,2026-10-07T11:02:04.005Z,574.585,,656,13.8,193,253.2,60,5,5
general_post,R,cold,static,1,2026-10-07T11:02:00.847Z,366.48,,236,12.1,314.2,314.4,23,1,0
general_post,R,cold,csr,2,2026-10-07T11:02:10.314Z,579.133,,700,11.5,188.9,253.3,63,5,5
general_post,R,cold,hybrid,2,2026-10-07T11:02:13.472Z,589.182,,632,11.3,173.7,256.4,60,5,5
general_post,R,cold,static,2,2026-10-07T11:02:14.430Z,409.343,,280,13.2,375.3,375.3,23,1,0
general_post,R,cold,csr,3,2026-10-07T11:02:21.778Z,604.914,,756,14.6,189.5,282,66,5,5
general_post,R,cold,hybrid,3,2026-10-07T11:02:18.596Z,609.563,,664,10.8,274.7,285.9,60,5,5
general_post,R,cold,static,3,2026-10-07T11:02:15.421Z,420.22,,272,14,334.7,355.8,23,1,0
general_post,R,cold,csr,4,2026-10-07T11:02:24.928Z,578.115,,684,11.5,195.3,259.6,63,5,5
general_post,R,cold,hybrid,4,2026-10-07T11:02:28.136Z,608.334,,680,11,270,270.1,63,5,5
general_post,R,cold,static,4,2026-10-07T11:02:29.052Z,266.568,,276,14.8,231.9,335.9,23,1,0
general_post,R,cold,csr,5,2026-10-07T11:02:36.326Z,604.607,,736,12,240.3,255.4,66,5,5
general_post,R,cold,hybrid,5,2026-10-07T11:02:33.145Z,592.719,,636,17.3,266.9,285.3,60,5,5
general_post,R,cold,static,5,2026-10-07T11:02:29.977Z,283.972,,260,13,230.5,348.7,23,1,0
general_post,R,cold,csr,6,2026-10-07T11:02:39.488Z,595.21,,724,12.5,283.2,283.3,63,5,5
general_post,R,cold,hybrid,6,2026-10-07T11:02:42.625Z,569.765,,620,11.8,261.2,261.4,60,5,5
general_post,R,cold,static,6,2026-10-07T11:02:43.535Z,268.125,,264,11.6,229.1,340.9,23,1,0
general_post,R,cold,csr,7,2026-10-07T11:02:50.758Z,580.184,,672,10.5,264.5,264.6,66,5,5
general_post,R,cold,hybrid,7,2026-10-07T11:02:47.598Z,591.567,,660,11.5,265,284.2,60,5,5
general_post,R,cold,static,7,2026-10-07T11:02:44.444Z,279.507,,264,12.2,220.1,342,23,1,0
general_post,R,cold,csr,8,2026-10-07T11:02:53.885Z,545.899,,648,9.7,166.8,252.8,63,5,5
general_post,R,cold,hybrid,8,2026-10-07T11:02:57.056Z,593.476,,640,14.6,209.6,272.5,60,5,5
general_post,R,cold,static,8,2026-10-07T11:02:57.996Z,367.048,,244,13.3,315.9,316,23,1,0
general_post,R,cold,csr,9,2026-10-07T11:03:05.268Z,576.987,,712,14.6,191.1,253.1,63,5,5
general_post,R,cold,hybrid,9,2026-10-07T11:03:02.109Z,589.683,,648,11.1,265.5,274,60,5,5
general_post,R,cold,static,9,2026-10-07T11:02:58.949Z,386.384,,256,12.2,333.9,334.1,23,1,0
general_post,R,cold,csr,10,2026-10-07T11:03:08.411Z,577.772,,708,11.4,214.4,295,63,5,5
general_post,R,cold,hybrid,10,2026-10-07T11:03:11.551Z,571.306,,616,11.3,250.1,250.7,60,5,5
general_post,R,cold,static,10,2026-10-07T11:03:12.499Z,376.275,,244,14.3,326.5,326.7,23,1,0
general_post,R,cold,csr,11,2026-10-07T11:03:19.851Z,684.275,,836,12.5,295.7,296,63,5,5
general_post,R,cold,hybrid,11,2026-10-07T11:03:16.575Z,607.211,,660,11.7,268.8,269,63,5,5
general_post,R,cold,static,11,2026-10-07T11:03:13.394Z,269.368,,260,12.7,222.4,314.4,23,1,0
general_post,R,cold,csr,12,2026-10-07T11:03:23.104Z,670.959,,820,12.5,123.5,299.3,66,5,5
general_post,R,cold,hybrid,12,2026-10-07T11:03:26.288Z,607.97,,668,13.2,287.2,287.5,60,5,5
general_post,R,cold,static,12,2026-10-07T11:03:27.200Z,288.037,,276,18,250.1,342,23,1,0
general_post,R,cold,csr,13,2026-10-07T11:03:35.202Z,1315.211,,1452,744.2,1015.4,1015.4,63,5,5
general_post,R,cold,hybrid,13,2026-10-07T11:03:31.330Z,580.24,,640,12.5,119.2,266.1,60,5,5
general_post,R,cold,static,13,2026-10-07T11:03:28.164Z,390.486,,264,13.7,331.3,340.4,23,1,0
general_post,R,cold,csr,14,2026-10-07T11:03:38.334Z,550.246,,704,12.3,117.4,263.8,63,5,5
general_post,R,cold,hybrid,14,2026-10-07T11:03:41.868Z,967.891,,1028,390.5,496.9,664.2,60,5,5
general_post,R,cold,static,14,2026-10-07T11:03:42.783Z,252.995,,244,12.7,212.9,329.2,23,1,0
general_post,R,cold,csr,15,2026-10-07T11:03:49.971Z,593.02,,704,11.6,267.1,267.2,66,5,5
general_post,R,cold,hybrid,15,2026-10-07T11:03:46.814Z,561.403,,604,12.2,182.5,243.4,63,5,5
general_post,R,cold,static,15,2026-10-07T11:03:43.687Z,367.756,,240,12,333.3,333.4,23,1,0
general_post,R,warm,csr,1,2026-10-07T11:04:10.052Z,303.553,,400,3.3,60.2,103.5,63,5,5
general_post,R,warm,hybrid,1,2026-10-07T11:04:07.245Z,297.117,,424,3.2,67,114.6,60,5,5
general_post,R,warm,static,1,2026-10-07T11:04:04.437Z,136.294,,140,4.8,100,100.3,23,1,0
general_post,R,warm,csr,2,2026-10-07T11:04:12.853Z,294.777,,392,3.7,66,94.6,63,5,5
general_post,R,warm,hybrid,2,2026-10-07T11:04:15.664Z,304.233,,360,2.5,68.5,102.3,60,5,5
general_post,R,warm,static,2,2026-10-07T11:04:16.331Z,153.913,,144,4.5,113.5,113.6,23,1,0
general_post,R,warm,csr,3,2026-10-07T11:04:22.637Z,301.074,,420,3,72.9,107,63,5,5
general_post,R,warm,hybrid,3,2026-10-07T11:04:19.828Z,287.861,,344,3.1,67.2,88.1,60,5,5
general_post,R,warm,static,3,2026-10-07T11:04:17.028Z,185.269,,164,3.7,137.5,137.5,23,1,0
general_post,R,warm,csr,4,2026-10-07T11:04:25.428Z,281.835,,364,2.6,62.4,81.5,63,5,5
general_post,R,warm,hybrid,4,2026-10-07T11:04:28.250Z,295.728,,356,2.5,65.1,105.8,60,5,5
general_post,R,warm,static,4,2026-10-07T11:04:28.877Z,136.984,,144,3.9,98.4,98.5,23,1,0
general_post,R,warm,csr,5,2026-10-07T11:04:35.206Z,313.164,,412,2.8,70.2,101.9,63,5,5
general_post,R,warm,hybrid,5,2026-10-07T11:04:32.381Z,367.073,,452,2.4,69.6,114,60,5,5
general_post,R,warm,static,5,2026-10-07T11:04:29.510Z,146.484,,148,3.7,110.1,110.2,23,1,0
general_post,R,warm,csr,6,2026-10-07T11:04:37.998Z,282.958,,372,3.2,63.5,82,63,5,5
general_post,R,warm,hybrid,6,2026-10-07T11:04:40.796Z,292.366,,352,5.7,68.4,97.2,63,5,5
general_post,R,warm,static,6,2026-10-07T11:04:41.418Z,135.191,,144,3.6,102,102.1,23,1,0
general_post,R,warm,csr,7,2026-10-07T11:04:47.655Z,294.483,,428,3.2,72.8,112.3,63,5,5
general_post,R,warm,hybrid,7,2026-10-07T11:04:44.837Z,282.175,,336,2.9,66,86.4,60,5,5
general_post,R,warm,static,7,2026-10-07T11:04:42.032Z,127.476,,140,3.9,99.1,99.2,23,1,0
general_post,R,warm,csr,8,2026-10-07T11:04:50.467Z,282.659,,384,2.6,61.4,89.8,63,5,5
general_post,R,warm,hybrid,8,2026-10-07T11:04:53.288Z,294.779,,356,3.5,67.2,111.6,60,5,5
general_post,R,warm,static,8,2026-10-07T11:04:53.917Z,143.284,,132,3.5,105.8,105.8,23,1,0
general_post,R,warm,csr,9,2026-10-07T11:05:00.156Z,285.228,,364,3,67.3,98.6,63,5,5
general_post,R,warm,hybrid,9,2026-10-07T11:04:57.346Z,305.533,,372,3,62.5,93.4,60,5,5
general_post,R,warm,static,9,2026-10-07T11:04:54.534Z,130.279,,140,3.9,94.2,94.3,23,1,0
general_post,R,warm,csr,10,2026-10-07T11:05:02.964Z,285.208,,392,2.4,66.9,87.1,63,5,5
general_post,R,warm,hybrid,10,2026-10-07T11:05:05.766Z,298.142,,344,2.8,67.9,96.4,60,5,5
general_post,R,warm,static,10,2026-10-07T11:05:06.386Z,132.088,,120,4,95.9,95.9,23,1,0
general_post,R,warm,csr,11,2026-10-07T11:05:12.621Z,301.021,,424,2.5,64.1,91.3,63,5,5
general_post,R,warm,hybrid,11,2026-10-07T11:05:09.810Z,280.657,,328,3,65.2,95.2,60,5,5
general_post,R,warm,static,11,2026-10-07T11:05:07.002Z,131.802,,136,4,96.4,96.6,23,1,0
general_post,R,warm,csr,12,2026-10-07T11:05:15.464Z,316.808,,404,2.5,62.2,100.9,63,5,5
general_post,R,warm,hybrid,12,2026-10-07T11:05:18.271Z,296.302,,344,2.7,67.7,96.6,60,5,5
general_post,R,warm,static,12,2026-10-07T11:05:18.917Z,138.114,,132,3.6,103,103,23,1,0
general_post,R,warm,csr,13,2026-10-07T11:05:25.188Z,297.762,,384,2.9,70.3,102.3,63,5,5
general_post,R,warm,hybrid,13,2026-10-07T11:05:22.365Z,310.781,,356,2.7,63.8,82.4,60,5,5
general_post,R,warm,static,13,2026-10-07T11:05:19.544Z,139.127,,136,3.8,94.6,94.6,23,1,0
general_post,R,warm,csr,14,2026-10-07T11:05:27.999Z,286.493,,376,2.4,62.4,82.1,63,5,5
general_post,R,warm,hybrid,14,2026-10-07T11:05:30.786Z,281.19,,320,3.7,67.9,87.7,60,5,5
general_post,R,warm,static,14,2026-10-07T11:05:31.412Z,138.148,,152,3.8,101.1,101.2,23,1,0
general_post,R,warm,csr,15,2026-10-07T11:05:37.631Z,277.686,,376,2.8,67.5,104.2,63,5,5
general_post,R,warm,hybrid,15,2026-10-07T11:05:34.833Z,287.798,,344,2.7,64.3,93,60,5,5
general_post,R,warm,static,15,2026-10-07T11:05:32.034Z,135.939,,144,3.8,100.3,100.4,23,1,0
home_list,M,cold,csr,1,2026-10-07T11:16:30.202Z,2571.878,,2592,11.2,1163,2071,74,6,6
home_list,M,cold,hybrid,1,2026-10-07T11:16:25.046Z,3002.694,,3020,12.2,1179.8,2632.3,74,6,6
home_list,M,cold,static,1,2026-10-07T11:16:19.465Z,817.636,,628,6.2,604,2112,22,1,0
home_list,M,cold,csr,2,2026-10-07T11:16:35.330Z,2534.816,,2560,11,1131.1,2038.6,74,6,6
home_list,M,cold,hybrid,2,2026-10-07T11:16:40.891Z,2978.109,,2992,13.1,1108.6,2478.6,74,6,6
home_list,M,cold,static,2,2026-10-07T11:16:43.783Z,849.533,,656,4.6,605.9,2140.9,22,1,0
home_list,M,cold,csr,3,2026-10-07T11:16:57.155Z,2601.592,,2624,11.2,1095.7,2182.9,74,6,6
home_list,M,cold,hybrid,3,2026-10-07T11:16:51.989Z,2950.523,,2964,10.5,1176.7,2453.6,74,6,6
home_list,M,cold,static,3,2026-10-07T11:16:46.451Z,816.274,,620,6.7,607.3,1909,22,1,0
home_list,M,cold,csr,4,2026-10-07T11:17:02.265Z,2540.89,,2560,13.9,1133.6,2045.1,74,6,6
home_list,M,cold,hybrid,4,2026-10-07T11:17:07.973Z,3132.808,,3148,11.2,1157.1,2663.7,74,6,6
home_list,M,cold,static,4,2026-10-07T11:17:10.739Z,798.912,,616,5.2,582.5,2007.1,22,1,0
home_list,M,cold,csr,5,2026-10-07T11:17:26.580Z,2347.266,,2376,16.3,1600.4,4042.9,74,6,6
home_list,M,cold,hybrid,5,2026-10-07T11:17:19.932Z,3949.715,,3972,792.6,1964.8,3428.7,74,6,6
home_list,M,cold,static,5,2026-10-07T11:17:13.416Z,834.611,,656,5.6,599.4,1932,22,1,0
home_list,M,cold,csr,6,2026-10-07T11:17:31.889Z,2731.129,,2760,10.7,1123.9,2348.7,74,6,6
home_list,M,cold,hybrid,6,2026-10-07T11:17:37.441Z,2964.08,,2980,10.9,1180.7,2450.1,74,6,6
home_list,M,cold,static,6,2026-10-07T11:17:40.316Z,803.25,,616,5.5,593.3,2120.7,22,1,0
home_list,M,cold,csr,7,2026-10-07T11:17:53.637Z,2521.095,,2544,10.4,1126.5,2030,74,6,6
home_list,M,cold,hybrid,7,2026-10-07T11:17:48.536Z,2963.166,,2980,12,1179.8,2449.4,74,6,6
home_list,M,cold,static,7,2026-10-07T11:17:42.982Z,806.687,,620,6.9,590.8,1910.7,22,1,0
home_list,M,cold,csr,8,2026-10-07T11:17:58.840Z,2617.969,,2644,10.7,1136.5,2094.2,74,6,6
home_list,M,cold,hybrid,8,2026-10-07T11:18:04.358Z,2942.045,,2960,11.1,1169.2,2584.3,74,6,6
home_list,M,cold,static,8,2026-10-07T11:18:07.014Z,822.603,,628,6.7,604.2,1894.1,22,1,0
home_list,M,cold,csr,9,2026-10-07T11:18:20.409Z,2585.636,,2608,14.6,1143.8,2094.3,74,6,6
home_list,M,cold,hybrid,9,2026-10-07T11:18:15.241Z,2977.92,,2992,10.5,1308.9,2761.1,74,6,6
home_list,M,cold,static,9,2026-10-07T11:18:09.692Z,819.833,,632,8,603.7,1924.7,22,1,0
home_list,M,cold,csr,10,2026-10-07T11:18:25.524Z,2527.811,,2552,11,1129.5,2036.6,74,6,6
home_list,M,cold,hybrid,10,2026-10-07T11:18:31.108Z,3022.918,,3040,11.9,1193.8,2506.1,74,6,6
home_list,M,cold,static,10,2026-10-07T11:18:34.570Z,1599.385,,624,9.1,593.4,1913.3,22,1,0
home_list,M,cold,csr,11,2026-10-07T11:18:48.014Z,2602.104,,2624,11,1096.5,2183.4,74,6,6
home_list,M,cold,hybrid,11,2026-10-07T11:18:42.852Z,2946.506,,2960,11,1169.5,2450,74,6,6
home_list,M,cold,static,11,2026-10-07T11:18:37.342Z,802.086,,628,5.9,588.8,2023.1,22,1,0
home_list,M,cold,csr,12,2026-10-07T11:18:53.133Z,2538.09,,2560,13,1127.7,2040.5,74,6,6
home_list,M,cold,hybrid,12,2026-10-07T11:18:58.650Z,2933.824,,2948,10.3,1169.2,2451.5,74,6,6
home_list,M,cold,static,12,2026-10-07T11:19:01.543Z,816.165,,628,5.5,599.9,2134.8,22,1,0
home_list,M,cold,csr,13,2026-10-07T11:19:17.646Z,2756.337,,2784,353.6,1924.9,4658.1,74,6,6
home_list,M,cold,hybrid,13,2026-10-07T11:19:10.366Z,2821.729,,2840,21.1,1741,3503.2,74,6,6
home_list,M,cold,static,13,2026-10-07T11:19:04.254Z,838.351,,652,5.1,603.4,1941.5,22,1,0
home_list,M,cold,csr,14,2026-10-07T11:19:22.854Z,2624.484,,2660,14.2,1134.7,2064.6,74,6,6
home_list,M,cold,hybrid,14,2026-10-07T11:19:28.599Z,3149.2,,3184,15.2,1263.2,2497.1,74,6,6
home_list,M,cold,static,14,2026-10-07T11:19:31.260Z,811.682,,620,5.4,589.9,1905.7,22,1,0
home_list,M,cold,csr,15,2026-10-07T11:19:44.625Z,2562.098,,2588,10.5,1098.9,2048.9,74,6,6
home_list,M,cold,hybrid,15,2026-10-07T11:19:39.489Z,2975.826,,2988,13.2,1103.9,2501.9,74,6,6
home_list,M,cold,static,15,2026-10-07T11:19:33.923Z,812.518,,624,5.1,587.1,1907.9,22,1,0
home_list,M,warm,csr,1,2026-10-07T11:20:12.471Z,658.764,,684,2.3,189,207,74,6,6
home_list,M,warm,hybrid,1,2026-10-07T11:20:09.303Z,638.219,,660,5.2,189.9,250.7,68,6,6
home_list,M,warm,static,1,2026-10-07T11:20:06.139Z,411.605,,236,8.3,208.2,208.3,22,1,0
home_list,M,warm,csr,2,2026-10-07T11:20:15.682Z,688.556,,708,3.3,211.4,268.6,74,6,6
home_list,M,warm,hybrid,2,2026-10-07T11:20:18.828Z,617.36,,636,3.6,203.2,218.9,72,6,6
home_list,M,warm,static,2,2026-10-07T11:20:19.751Z,411.284,,236,6.2,209.2,209.2,22,1,0
home_list,M,warm,csr,3,2026-10-07T11:20:26.998Z,650.716,,676,3.2,184.9,217.6,74,6,6
home_list,M,warm,hybrid,3,2026-10-07T11:20:23.844Z,679.781,,696,2.8,187.1,193.7,74,6,6
home_list,M,warm,static,3,2026-10-07T11:20:20.656Z,418.834,,244,5.6,213.9,214.2,22,1,0
home_list,M,warm,csr,4,2026-10-07T11:20:30.154Z,652.98,,680,2.5,192.2,218.1,74,6,6
home_list,M,warm,hybrid,4,2026-10-07T11:20:33.268Z,602.221,,628,3.4,207.6,222.2,68,6,6
home_list,M,warm,static,4,2026-10-07T11:20:34.244Z,461.546,,268,7.4,241.2,241.3,22,1,0
home_list,M,warm,csr,5,2026-10-07T11:20:41.482Z,643.881,,664,3.5,183.1,219,74,6,6
home_list,M,warm,hybrid,5,2026-10-07T11:20:38.308Z,617.143,,640,4.6,205.2,219.3,68,6,6
home_list,M,warm,static,5,2026-10-07T11:20:35.173Z,408.842,,240,6.2,184.2,190.3,22,1,0
home_list,M,warm,csr,6,2026-10-07T11:20:44.658Z,650.511,,676,5.4,191.5,231.1,74,6,6
home_list,M,warm,hybrid,6,2026-10-07T11:20:47.781Z,616.934,,636,3,205.2,219.2,70,6,6
home_list,M,warm,static,6,2026-10-07T11:20:48.727Z,425.636,,272,8.4,192.7,201.1,22,1,0
home_list,M,warm,csr,7,2026-10-07T11:20:55.983Z,658.184,,676,2.8,178.9,236.8,74,6,6
home_list,M,warm,hybrid,7,2026-10-07T11:20:52.798Z,596.307,,620,2.9,203,220.7,68,6,6
home_list,M,warm,static,7,2026-10-07T11:20:49.675Z,434.758,,256,7.4,224.1,224.2,22,1,0
home_list,M,warm,csr,8,2026-10-07T11:20:59.154Z,649.342,,672,2.9,183.3,214.3,74,6,6
home_list,M,warm,hybrid,8,2026-10-07T11:21:02.295Z,616.881,,640,3,186.3,206,68,6,6
home_list,M,warm,static,8,2026-10-07T11:21:03.228Z,423.071,,236,7.1,213.2,213.2,22,1,0
home_list,M,warm,csr,9,2026-10-07T11:21:10.502Z,644.703,,672,3,184.6,213.8,74,6,6
home_list,M,warm,hybrid,9,2026-10-07T11:21:07.341Z,663.939,,680,3.1,192,196.9,74,6,6
home_list,M,warm,static,9,2026-10-07T11:21:04.152Z,413.208,,236,9.9,208.8,208.9,22,1,0
home_list,M,warm,csr,10,2026-10-07T11:21:13.667Z,643.491,,668,2.8,182.1,223.8,74,6,6
home_list,M,warm,hybrid,10,2026-10-07T11:21:16.839Z,650.467,,668,4.1,188.6,207.2,72,6,6
home_list,M,warm,static,10,2026-10-07T11:21:17.771Z,421,,232,4.4,206.6,206.6,22,1,0
home_list,M,warm,csr,11,2026-10-07T11:21:25.045Z,661.571,,692,2.3,187.3,217.6,74,6,6
home_list,M,warm,hybrid,11,2026-10-07T11:21:21.861Z,633.163,,652,3.6,179.2,234.2,72,6,6
home_list,M,warm,static,11,2026-10-07T11:21:18.701Z,419.373,,236,6.2,209.1,209.2,22,1,0
home_list,M,warm,csr,12,2026-10-07T11:21:28.199Z,629.753,,656,3.8,179.9,210.4,74,6,6
home_list,M,warm,hybrid,12,2026-10-07T11:21:31.370Z,666.002,,680,3.9,206.4,225.9,74,6,6
home_list,M,warm,static,12,2026-10-07T11:21:32.295Z,414.215,,232,5.2,210.6,210.7,22,1,0
home_list,M,warm,csr,13,2026-10-07T11:21:39.531Z,629.546,,656,2.6,184,212.3,74,6,6
home_list,M,warm,hybrid,13,2026-10-07T11:21:36.376Z,626.407,,648,2.5,192.2,196.9,68,6,6
home_list,M,warm,static,13,2026-10-07T11:21:33.228Z,420.98,,248,6.4,209.7,209.8,22,1,0
home_list,M,warm,csr,14,2026-10-07T11:21:42.641Z,590.343,,616,2.4,186.7,206.4,71,6,6
home_list,M,warm,hybrid,14,2026-10-07T11:21:45.805Z,643.114,,660,2.7,192.9,221,72,6,6
home_list,M,warm,static,14,2026-10-07T11:21:46.738Z,419.635,,240,5.5,215.2,215.2,22,1,0
home_list,M,warm,csr,15,2026-10-07T11:21:53.975Z,633.683,,668,2.8,190.3,210.3,74,6,6
home_list,M,warm,hybrid,15,2026-10-07T11:21:50.832Z,647.474,,668,4.3,184.6,235.6,72,6,6
home_list,M,warm,static,15,2026-10-07T11:21:47.661Z,408.017,,236,5.7,208.1,208.1,22,1,0
home_list,R,cold,csr,1,2026-10-07T11:12:19.906Z,507.134,,540,12,126.1,256.1,74,6,6
home_list,R,cold,hybrid,1,2026-10-07T11:12:16.837Z,535.005,,552,11.9,283.8,316.2,74,6,6
home_list,R,cold,static,1,2026-10-07T11:12:13.738Z,411.784,,224,6.8,309.6,309.7,22,1,0
home_list,R,cold,csr,2,2026-10-07T11:12:23.021Z,516.656,,552,10.4,247.4,247.6,76,6,6
home_list,R,cold,hybrid,2,2026-10-07T11:12:26.106Z,524.303,,548,11,195.6,280.8,74,6,6
home_list,R,cold,static,2,2026-10-07T11:12:27.103Z,426.557,,216,7.1,315.5,315.8,22,1,0
home_list,R,cold,csr,3,2026-10-07T11:12:34.303Z,528.551,,564,10.2,178.5,248.8,76,6,6
home_list,R,cold,hybrid,3,2026-10-07T11:12:31.216Z,569.507,,596,10.2,288.6,335,74,6,6
home_list,R,cold,static,3,2026-10-07T11:12:28.085Z,414.744,,216,6.4,280.4,301.6,22,1,0
home_list,R,cold,csr,4,2026-10-07T11:12:37.424Z,537.069,,584,13.5,248.9,249.1,74,6,6
home_list,R,cold,hybrid,4,2026-10-07T11:12:40.590Z,577.673,,596,11.9,312.9,313.3,74,6,6
home_list,R,cold,static,4,2026-10-07T11:12:41.572Z,403.775,,216,6,296.1,296.3,22,1,0
home_list,R,cold,csr,5,2026-10-07T11:12:49.220Z,919.008,,944,442.6,667,702.9,74,6,6
home_list,R,cold,hybrid,5,2026-10-07T11:12:45.714Z,584.925,,620,11.4,287.7,321.9,74,6,6
home_list,R,cold,static,5,2026-10-07T11:12:42.547Z,402.352,,212,6.3,296.8,298,22,1,0
home_list,R,cold,csr,6,2026-10-07T11:12:52.312Z,516.474,,540,12,251.1,251.5,74,6,6
home_list,R,cold,hybrid,6,2026-10-07T11:12:55.451Z,561.556,,592,10.9,286.8,321.9,74,6,6
home_list,R,cold,static,6,2026-10-07T11:12:56.429Z,409.565,,216,6,272.2,311,22,1,0
home_list,R,cold,csr,7,2026-10-07T11:13:03.681Z,528.117,,560,9.9,248.7,248.9,74,6,6
home_list,R,cold,hybrid,7,2026-10-07T11:13:00.566Z,562.391,,588,14.3,275.2,333,74,6,6
home_list,R,cold,static,7,2026-10-07T11:12:57.414Z,401.523,,224,4.7,275.8,290.1,22,1,0
home_list,R,cold,csr,8,2026-10-07T11:13:06.745Z,480.809,,504,11.6,246.9,247.1,74,6,6
home_list,R,cold,hybrid,8,2026-10-07T11:13:09.851Z,526.607,,544,12.8,285.1,315.4,74,6,6
home_list,R,cold,static,8,2026-10-07T11:13:10.845Z,412.888,,220,7.4,273.4,302.2,22,1,0
home_list,R,cold,csr,9,2026-10-07T11:13:18.018Z,491.995,,524,10.8,236.2,254.6,74,6,6
home_list,R,cold,hybrid,9,2026-10-07T11:13:14.956Z,553.371,,588,11.2,342.2,342.7,74,6,6
home_list,R,cold,static,9,2026-10-07T11:13:11.822Z,402.695,,216,6.7,304.8,305.2,22,1,0
home_list,R,cold,csr,10,2026-10-07T11:13:21.047Z,469.844,,500,9.4,115,255.7,71,6,6
home_list,R,cold,hybrid,10,2026-10-07T11:13:24.154Z,521.895,,544,11.6,270.1,300.1,74,6,6
home_list,R,cold,static,10,2026-10-07T11:13:25.098Z,310.945,,244,7.1,211,301.9,22,1,0
home_list,R,cold,csr,11,2026-10-07T11:13:32.269Z,502.56,,536,12.7,176.5,241.9,74,6,6
home_list,R,cold,hybrid,11,2026-10-07T11:13:29.186Z,550.203,,572,12.6,294.2,333.4,74,6,6
home_list,R,cold,static,11,2026-10-07T11:13:26.064Z,400.43,,216,7.4,265,282,22,1,0
home_list,R,cold,csr,12,2026-10-07T11:13:35.368Z,519.682,,544,10.9,175.4,242.2,74,6,6
home_list,R,cold,hybrid,12,2026-10-07T11:13:38.510Z,558.939,,592,11.1,277.5,299.7,74,6,6
home_list,R,cold,static,12,2026-10-07T11:13:39.480Z,389.755,,212,5.9,269.8,283,22,1,0
home_list,R,cold,csr,13,2026-10-07T11:13:46.682Z,465.32,,484,10.9,246.8,247,71,6,6
home_list,R,cold,hybrid,13,2026-10-07T11:13:43.632Z,571.566,,596,13,292.8,293.1,74,6,6
home_list,R,cold,static,13,2026-10-07T11:13:40.475Z,442.53,,220,6.4,338.4,338.7,22,1,0
home_list,R,cold,csr,14,2026-10-07T11:13:49.703Z,459.175,,488,12.1,162.4,237.4,71,6,6
home_list,R,cold,hybrid,14,2026-10-07T11:13:52.848Z,582.827,,608,11.9,231.4,339.5,74,6,6
home_list,R,cold,static,14,2026-10-07T11:13:53.801Z,408.745,,224,6.4,316.6,316.6,22,1,0
home_list,R,cold,csr,15,2026-10-07T11:14:01.090Z,527.035,,568,12.3,263.3,263.4,74,6,6
home_list,R,cold,hybrid,15,2026-10-07T11:13:57.977Z,616.172,,640,14,340.9,341.4,74,6,6
home_list,R,cold,static,15,2026-10-07T11:13:54.774Z,398.962,,228,6.3,290.8,298.2,22,1,0
home_list,R,warm,csr,1,2026-10-07T11:14:21.374Z,261.155,,288,2.8,70.2,112,71,6,6
home_list,R,warm,hybrid,1,2026-10-07T11:14:18.588Z,315.146,,336,4.3,60.4,118.6,74,6,6
home_list,R,warm,static,1,2026-10-07T11:14:15.763Z,175.552,,128,6.8,67.6,73.6,22,1,0
home_list,R,warm,csr,2,2026-10-07T11:14:24.112Z,232.923,,264,3.4,57.8,105.4,71,6,6
home_list,R,warm,hybrid,2,2026-10-07T11:14:26.914Z,296.046,,324,3.6,74,109.8,74,6,6
home_list,R,warm,static,2,2026-10-07T11:14:27.593Z,164.061,,120,5.5,60.9,67,22,1,0
home_list,R,warm,csr,3,2026-10-07T11:14:33.873Z,266.508,,296,3,69.4,91.7,71,6,6
home_list,R,warm,hybrid,3,2026-10-07T11:14:31.079Z,278.659,,300,2.5,69,89.4,72,6,6
home_list,R,warm,static,3,2026-10-07T11:14:28.277Z,171.529,,128,7.3,67.5,73.3,22,1,0
home_list,R,warm,csr,4,2026-10-07T11:14:36.624Z,246.453,,284,3.5,67.9,109.4,71,6,6
home_list,R,warm,hybrid,4,2026-10-07T11:14:39.385Z,245.707,,272,2.7,62.1,112.3,70,6,6
home_list,R,warm,static,4,2026-10-07T11:14:40.078Z,179.873,,132,8.3,63.7,76.4,22,1,0
home_list,R,warm,csr,5,2026-10-07T11:14:46.389Z,283.149,,312,3,82,103,76,6,6
home_list,R,warm,hybrid,5,2026-10-07T11:14:43.601Z,325.281,,348,4,60.3,115.8,74,6,6
home_list,R,warm,static,5,2026-10-07T11:14:40.764Z,174.294,,124,6,62.9,68.7,22,1,0
home_list,R,warm,csr,6,2026-10-07T11:14:49.189Z,274.084,,300,3,59.9,103.3,74,6,6
home_list,R,warm,hybrid,6,2026-10-07T11:14:51.972Z,257.545,,284,2.6,70.8,115.8,68,6,6
home_list,R,warm,static,6,2026-10-07T11:14:52.663Z,178.324,,132,6.8,88.6,88.6,22,1,0
home_list,R,warm,csr,7,2026-10-07T11:14:58.911Z,258.874,,284,2.2,72.6,91.6,74,6,6
home_list,R,warm,hybrid,7,2026-10-07T11:14:56.137Z,242.55,,268,2.7,65.7,116.5,68,6,6
home_list,R,warm,static,7,2026-10-07T11:14:53.366Z,187.598,,116,5.2,91.5,91.6,22,1,0
home_list,R,warm,csr,8,2026-10-07T11:15:01.672Z,256.626,,288,3,60.3,101.7,73,6,6
home_list,R,warm,hybrid,8,2026-10-07T11:15:04.478Z,280.017,,300,3.2,59.8,113.7,74,6,6
home_list,R,warm,static,8,2026-10-07T11:15:05.194Z,200.82,,148,7,99.2,99.3,22,1,0
home_list,R,warm,csr,9,2026-10-07T11:15:11.419Z,259.457,,312,2.7,74.3,102.4,71,6,6
home_list,R,warm,hybrid,9,2026-10-07T11:15:08.655Z,264.268,,284,3.6,61.5,117.5,74,6,6
home_list,R,warm,static,9,2026-10-07T11:15:05.878Z,173.623,,128,6.2,63.9,69.9,22,1,0
home_list,R,warm,csr,10,2026-10-07T11:15:14.218Z,271.436,,316,2.7,66,89,76,6,6
home_list,R,warm,hybrid,10,2026-10-07T11:15:16.995Z,267.227,,288,2.7,67.1,128,68,6,6
home_list,R,warm,static,10,2026-10-07T11:15:17.699Z,190.768,,120,4.7,93.4,93.5,22,1,0
home_list,R,warm,csr,11,2026-10-07T11:15:23.923Z,260.616,,296,2.9,67.4,88.4,71,6,6
home_list,R,warm,hybrid,11,2026-10-07T11:15:21.154Z,254.785,,284,3.4,67.1,118,68,6,6
home_list,R,warm,static,11,2026-10-07T11:15:18.396Z,186.005,,124,9,95,95.1,22,1,0
home_list,R,warm,csr,12,2026-10-07T11:15:26.706Z,278.292,,304,2.8,66.1,105.9,74,6,6
home_list,R,warm,hybrid,12,2026-10-07T11:15:29.476Z,246.178,,272,2.6,60.6,109.5,70,6,6
home_list,R,warm,static,12,2026-10-07T11:15:30.186Z,197.446,,144,8.3,93.8,93.9,22,1,0
home_list,R,warm,csr,13,2026-10-07T11:15:36.383Z,236.93,,264,4,61.4,102.3,71,6,6
home_list,R,warm,hybrid,13,2026-10-07T11:15:33.642Z,249.516,,268,4.1,60.1,119.3,68,6,6
home_list,R,warm,static,13,2026-10-07T11:15:30.872Z,173.116,,124,5.2,62.4,68,22,1,0
home_list,R,warm,csr,14,2026-10-07T11:15:39.138Z,251.198,,280,3,64.9,110.5,71,6,6
home_list,R,warm,hybrid,14,2026-10-07T11:15:41.914Z,269.831,,292,2.7,70.8,89.8,74,6,6
home_list,R,warm,static,14,2026-10-07T11:15:42.622Z,191.232,,120,5,94.1,94.1,22,1,0
home_list,R,warm,csr,15,2026-10-07T11:15:48.932Z,279.299,,320,2.6,59.5,101.1,76,6,6
home_list,R,warm,hybrid,15,2026-10-07T11:15:46.131Z,291.793,,312,3,68.6,131.3,74,6,6
home_list,R,warm,static,15,2026-10-07T11:15:43.312Z,178.336,,120,6.6,62.8,69,22,1,0
in_app_navigation,M,cold,csr,1,2026-10-07T11:26:27.318Z,,1310.018,,,,,37,5,5
in_app_navigation,M,cold,hybrid,1,2026-10-07T11:26:21.551Z,,479.745,,,,,89,9,9
in_app_navigation,M,cold,static,1,2026-10-07T11:26:14.853Z,,447.558,,,,,51,1,0
in_app_navigation,M,cold,csr,2,2026-10-07T11:26:33.183Z,,1209.103,,,,,44,5,5
in_app_navigation,M,cold,hybrid,2,2026-10-07T11:26:40.030Z,,472.414,,,,,89,9,9
in_app_navigation,M,cold,static,2,2026-10-07T11:26:46.609Z,,497.933,,,,,51,1,0
in_app_navigation,M,cold,csr,3,2026-10-07T11:27:06.394Z,,1189.628,,,,,44,5,5
in_app_navigation,M,cold,hybrid,3,2026-10-07T11:27:00.470Z,,541.511,,,,,89,9,9
in_app_navigation,M,cold,static,3,2026-10-07T11:26:53.046Z,,435.076,,,,,51,1,0
in_app_navigation,M,cold,csr,4,2026-10-07T11:27:12.218Z,,1227.764,,,,,44,5,5
in_app_navigation,M,cold,hybrid,4,2026-10-07T11:27:20.037Z,,512.259,,,,,88,9,9
in_app_navigation,M,cold,static,4,2026-10-07T11:27:26.140Z,,404.956,,,,,51,1,0
in_app_navigation,M,cold,csr,5,2026-10-07T11:27:46.634Z,,1616.758,,,,,37,5,5
in_app_navigation,M,cold,hybrid,5,2026-10-07T11:27:40.446Z,,2215.108,,,,,62,12,12
in_app_navigation,M,cold,static,5,2026-10-07T11:27:32.776Z,,438.842,,,,,51,1,0
in_app_navigation,M,cold,csr,6,2026-10-07T11:27:52.643Z,,1219.334,,,,,44,5,5
in_app_navigation,M,cold,hybrid,6,2026-10-07T11:27:59.631Z,,464.97,,,,,89,9,9
in_app_navigation,M,cold,static,6,2026-10-07T11:28:05.241Z,,450.411,,,,,51,1,0
in_app_navigation,M,cold,csr,7,2026-10-07T11:28:23.898Z,,1205.143,,,,,42,5,5
in_app_navigation,M,cold,hybrid,7,2026-10-07T11:28:18.103Z,,486.445,,,,,89,9,9
in_app_navigation,M,cold,static,7,2026-10-07T11:28:11.492Z,,443.342,,,,,51,1,0
in_app_navigation,M,cold,csr,8,2026-10-07T11:28:29.979Z,,1214.834,,,,,44,5,5
in_app_navigation,M,cold,hybrid,8,2026-10-07T11:28:36.693Z,,473.39,,,,,89,9,9
in_app_navigation,M,cold,static,8,2026-10-07T11:28:43.683Z,,463.985,,,,,51,1,0
in_app_navigation,M,cold,csr,9,2026-10-07T11:29:03.090Z,,1184.033,,,,,44,5,5
in_app_navigation,M,cold,hybrid,9,2026-10-07T11:28:56.749Z,,464.674,,,,,89,9,9
in_app_navigation,M,cold,static,9,2026-10-07T11:28:49.647Z,,445.047,,,,,51,1,0
in_app_navigation,M,cold,csr,10,2026-10-07T11:29:08.938Z,,1194.158,,,,,44,5,5
in_app_navigation,M,cold,hybrid,10,2026-10-07T11:29:15.720Z,,490.411,,,,,89,9,9
in_app_navigation,M,cold,static,10,2026-10-07T11:29:22.248Z,,438.741,,,,,51,1,0
in_app_navigation,M,cold,csr,11,2026-10-07T11:29:41.147Z,,1334.308,,,,,37,5,5
in_app_navigation,M,cold,hybrid,11,2026-10-07T11:29:35.556Z,,490.213,,,,,89,9,9
in_app_navigation,M,cold,static,11,2026-10-07T11:29:28.185Z,,454.139,,,,,51,1,0
in_app_navigation,M,cold,csr,12,2026-10-07T11:29:47.365Z,,1227.06,,,,,44,5,5
in_app_navigation,M,cold,hybrid,12,2026-10-07T11:29:54.551Z,,1650.259,,,,,64,12,12
in_app_navigation,M,cold,static,12,2026-10-07T11:30:00.296Z,,500.584,,,,,51,1,0
in_app_navigation,M,cold,csr,13,2026-10-07T11:30:19.886Z,,1189.961,,,,,44,5,5
in_app_navigation,M,cold,hybrid,13,2026-10-07T11:30:13.980Z,,458.087,,,,,89,9,9
in_app_navigation,M,cold,static,13,2026-10-07T11:30:07.017Z,,418.244,,,,,51,1,0
in_app_navigation,M,cold,csr,14,2026-10-07T11:30:25.548Z,,1322.186,,,,,37,5,5
in_app_navigation,M,cold,hybrid,14,2026-10-07T11:30:32.966Z,,506.865,,,,,87,9,9
in_app_navigation,M,cold,static,14,2026-10-07T11:30:38.583Z,,402.274,,,,,51,1,0
in_app_navigation,M,cold,csr,15,2026-10-07T11:30:58.330Z,,1190.815,,,,,44,5,5
in_app_navigation,M,cold,hybrid,15,2026-10-07T11:30:52.200Z,,501.158,,,,,89,9,9
in_app_navigation,M,cold,static,15,2026-10-07T11:30:45.113Z,,430.829,,,,,51,1,0
in_app_navigation,M,warm,csr,1,2026-10-07T11:31:33.269Z,,533.188,,,,,41,5,5
in_app_navigation,M,warm,hybrid,1,2026-10-07T11:31:30.512Z,,437.889,,,,,51,8,8
in_app_navigation,M,warm,static,1,2026-10-07T11:31:27.474Z,,382.228,,,,,57,1,0
in_app_navigation,M,warm,csr,2,2026-10-07T11:31:35.904Z,,536.097,,,,,40,5,5
in_app_navigation,M,warm,hybrid,2,2026-10-07T11:31:38.891Z,,392.929,,,,,51,8,8
in_app_navigation,M,warm,static,2,2026-10-07T11:31:40.194Z,,300.847,,,,,57,1,0
in_app_navigation,M,warm,csr,3,2026-10-07T11:31:47.133Z,,576.494,,,,,40,5,5
in_app_navigation,M,warm,hybrid,3,2026-10-07T11:31:44.439Z,,388.42,,,,,51,8,8
in_app_navigation,M,warm,static,3,2026-10-07T11:31:41.491Z,,318.339,,,,,57,1,0
in_app_navigation,M,warm,csr,4,2026-10-07T11:31:49.819Z,,546.119,,,,,39,5,5
in_app_navigation,M,warm,hybrid,4,2026-10-07T11:31:52.814Z,,407.922,,,,,51,8,8
in_app_navigation,M,warm,static,4,2026-10-07T11:31:54.207Z,,313.194,,,,,57,1,0
in_app_navigation,M,warm,csr,5,2026-10-07T11:32:01.019Z,,525.237,,,,,41,5,5
in_app_navigation,M,warm,hybrid,5,2026-10-07T11:31:58.388Z,,420.894,,,,,51,8,8
in_app_navigation,M,warm,static,5,2026-10-07T11:31:55.500Z,,298.549,,,,,57,1,0
in_app_navigation,M,warm,csr,6,2026-10-07T11:32:03.659Z,,532.527,,,,,40,5,5
in_app_navigation,M,warm,hybrid,6,2026-10-07T11:32:06.642Z,,391.021,,,,,53,8,8
in_app_navigation,M,warm,static,6,2026-10-07T11:32:08.037Z,,299.825,,,,,57,1,0
in_app_navigation,M,warm,csr,7,2026-10-07T11:32:15.077Z,,565.619,,,,,41,5,5
in_app_navigation,M,warm,hybrid,7,2026-10-07T11:32:12.376Z,,446.226,,,,,55,8,8
in_app_navigation,M,warm,static,7,2026-10-07T11:32:09.293Z,,299.305,,,,,57,1,0
in_app_navigation,M,warm,csr,8,2026-10-07T11:32:17.732Z,,532.739,,,,,40,5,5
in_app_navigation,M,warm,hybrid,8,2026-10-07T11:32:20.780Z,,401.242,,,,,51,8,8
in_app_navigation,M,warm,static,8,2026-10-07T11:32:22.068Z,,292.849,,,,,57,1,0
in_app_navigation,M,warm,csr,9,2026-10-07T11:32:28.974Z,,566.375,,,,,40,5,5
in_app_navigation,M,warm,hybrid,9,2026-10-07T11:32:26.293Z,,411.145,,,,,51,8,8
in_app_navigation,M,warm,static,9,2026-10-07T11:32:23.287Z,,282.057,,,,,57,1,0
in_app_navigation,M,warm,csr,10,2026-10-07T11:32:31.581Z,,539.515,,,,,40,5,5
in_app_navigation,M,warm,hybrid,10,2026-10-07T11:32:34.516Z,,384.455,,,,,51,8,8
in_app_navigation,M,warm,static,10,2026-10-07T11:32:35.855Z,,306.797,,,,,57,1,0
in_app_navigation,M,warm,csr,11,2026-10-07T11:32:42.894Z,,652.189,,,,,40,5,5
in_app_navigation,M,warm,hybrid,11,2026-10-07T11:32:40.098Z,,506.079,,,,,51,8,8
in_app_navigation,M,warm,static,11,2026-10-07T11:32:37.083Z,,311.204,,,,,57,1,0
in_app_navigation,M,warm,csr,12,2026-10-07T11:32:45.543Z,,527.438,,,,,40,5,5
in_app_navigation,M,warm,hybrid,12,2026-10-07T11:32:48.640Z,,425.156,,,,,53,8,8
in_app_navigation,M,warm,static,12,2026-10-07T11:32:49.966Z,,281.49,,,,,57,1,0
in_app_navigation,M,warm,csr,13,2026-10-07T11:32:57.132Z,,596.171,,,,,40,5,5
in_app_navigation,M,warm,hybrid,13,2026-10-07T11:32:54.397Z,,391.634,,,,,53,8,8
in_app_navigation,M,warm,static,13,2026-10-07T11:32:51.261Z,,316.711,,,,,57,1,0
in_app_navigation,M,warm,csr,14,2026-10-07T11:32:59.803Z,,527.122,,,,,41,5,5
in_app_navigation,M,warm,hybrid,14,2026-10-07T11:33:02.797Z,,393.035,,,,,51,8,8
in_app_navigation,M,warm,static,14,2026-10-07T11:33:04.153Z,,329.308,,,,,57,1,0
in_app_navigation,M,warm,csr,15,2026-10-07T11:33:11.087Z,,614.629,,,,,40,5,5
in_app_navigation,M,warm,hybrid,15,2026-10-07T11:33:08.376Z,,416.429,,,,,51,8,8
in_app_navigation,M,warm,static,15,2026-10-07T11:33:05.450Z,,300.574,,,,,57,1,0
in_app_navigation,R,cold,csr,1,2026-10-07T11:22:19.979Z,,459.9,,,,,64,5,5
in_app_navigation,R,cold,hybrid,1,2026-10-07T11:22:17.060Z,,695.477,,,,,64,12,12
in_app_navigation,R,cold,static,1,2026-10-07T11:22:13.180Z,,186.965,,,,,56,1,0
in_app_navigation,R,cold,csr,2,2026-10-07T11:22:21.925Z,,351.624,,,,,30,4,4
in_app_navigation,R,cold,hybrid,2,2026-10-07T11:22:24.425Z,,784.157,,,,,56,10,10
in_app_navigation,R,cold,static,2,2026-10-07T11:22:26.368Z,,218.388,,,,,56,1,0
in_app_navigation,R,cold,csr,3,2026-10-07T11:22:33.194Z,,393.128,,,,,63,4,4
in_app_navigation,R,cold,hybrid,3,2026-10-07T11:22:30.808Z,,542.314,,,,,56,10,10
in_app_navigation,R,cold,static,3,2026-10-07T11:22:28.318Z,,181.18,,,,,56,1,0
in_app_navigation,R,cold,csr,4,2026-10-07T11:22:35.575Z,,414.211,,,,,63,4,4
in_app_navigation,R,cold,hybrid,4,2026-10-07T11:22:38.014Z,,698.125,,,,,56,10,10
in_app_navigation,R,cold,static,4,2026-10-07T11:22:40.002Z,,194.233,,,,,56,1,0
in_app_navigation,R,cold,csr,5,2026-10-07T11:22:46.631Z,,376.076,,,,,59,4,4
in_app_navigation,R,cold,hybrid,5,2026-10-07T11:22:44.287Z,,663.652,,,,,58,10,10
in_app_navigation,R,cold,static,5,2026-10-07T11:22:41.915Z,,233.278,,,,,56,1,0
in_app_navigation,R,cold,csr,6,2026-10-07T11:22:49.022Z,,467.934,,,,,64,5,5
in_app_navigation,R,cold,hybrid,6,2026-10-07T11:22:51.582Z,,700.053,,,,,58,10,10
in_app_navigation,R,cold,static,6,2026-10-07T11:22:53.559Z,,202.156,,,,,56,1,0
in_app_navigation,R,cold,csr,7,2026-10-07T11:23:00.400Z,,465.857,,,,,64,5,5
in_app_navigation,R,cold,hybrid,7,2026-10-07T11:22:58.032Z,,700.791,,,,,56,10,10
in_app_navigation,R,cold,static,7,2026-10-07T11:22:55.524Z,,202.764,,,,,56,1,0
in_app_navigation,R,cold,csr,8,2026-10-07T11:23:02.732Z,,448.393,,,,,57,5,5
in_app_navigation,R,cold,hybrid,8,2026-10-07T11:23:05.110Z,,426.281,,,,,48,10,10
in_app_navigation,R,cold,static,8,2026-10-07T11:23:07.094Z,,217.769,,,,,56,1,0
in_app_navigation,R,cold,csr,9,2026-10-07T11:23:13.784Z,,372.589,,,,,63,4,4
in_app_navigation,R,cold,hybrid,9,2026-10-07T11:23:11.441Z,,538.464,,,,,49,8,8
in_app_navigation,R,cold,static,9,2026-10-07T11:23:09.005Z,,231.921,,,,,56,1,0
in_app_navigation,R,cold,csr,10,2026-10-07T11:23:16.185Z,,447.446,,,,,66,5,5
in_app_navigation,R,cold,hybrid,10,2026-10-07T11:23:20.005Z,,704.206,,,,,64,12,12
in_app_navigation,R,cold,static,10,2026-10-07T11:23:21.983Z,,190.962,,,,,56,1,0
in_app_navigation,R,cold,csr,11,2026-10-07T11:23:29.953Z,,344.3,,,,,37,4,4
in_app_navigation,R,cold,hybrid,11,2026-10-07T11:23:27.920Z,,794.415,,,,,64,12,12
in_app_navigation,R,cold,static,11,2026-10-07T11:23:23.933Z,,274.986,,,,,56,1,0
in_app_navigation,R,cold,csr,12,2026-10-07T11:23:32.328Z,,391.088,,,,,63,4,4
in_app_navigation,R,cold,hybrid,12,2026-10-07T11:23:36.624Z,,959.409,,,,,62,12,12
in_app_navigation,R,cold,static,12,2026-10-07T11:23:39.232Z,,327.15,,,,,56,1,0
in_app_navigation,R,cold,csr,13,2026-10-07T11:23:47.562Z,,455.939,,,,,64,5,5
in_app_navigation,R,cold,hybrid,13,2026-10-07T11:23:45.170Z,,722.89,,,,,62,12,12
in_app_navigation,R,cold,static,13,2026-10-07T11:23:41.262Z,,216.347,,,,,56,1,0
in_app_navigation,R,cold,csr,14,2026-10-07T11:23:49.560Z,,435.425,,,,,36,5,5
in_app_navigation,R,cold,hybrid,14,2026-10-07T11:23:53.538Z,,759.586,,,,,62,12,12
in_app_navigation,R,cold,static,14,2026-10-07T11:23:55.629Z,,232.182,,,,,56,1,0
in_app_navigation,R,cold,csr,15,2026-10-07T11:24:04.559Z,,388.517,,,,,57,5,5
in_app_navigation,R,cold,hybrid,15,2026-10-07T11:24:02.263Z,,823.552,,,,,62,12,12
in_app_navigation,R,cold,static,15,2026-10-07T11:23:57.620Z,,196.683,,,,,56,1,0
in_app_navigation,R,warm,csr,1,2026-10-07T11:24:21.333Z,,298.894,,,,,36,4,4
in_app_navigation,R,warm,hybrid,1,2026-10-07T11:24:19.751Z,,391.535,,,,,49,8,8
in_app_navigation,R,warm,static,1,2026-10-07T11:24:17.894Z,,187.538,,,,,57,1,0
in_app_navigation,R,warm,csr,2,2026-10-07T11:24:23.197Z,,375.925,,,,,62,4,4
in_app_navigation,R,warm,hybrid,2,2026-10-07T11:24:25.083Z,,464.134,,,,,47,8,8
in_app_navigation,R,warm,static,2,2026-10-07T11:24:26.165Z,,189.888,,,,,57,1,0
in_app_navigation,R,warm,csr,3,2026-10-07T11:24:30.566Z,,309.644,,,,,36,4,4
in_app_navigation,R,warm,hybrid,3,2026-10-07T11:24:28.964Z,,460.699,,,,,51,10,10
in_app_navigation,R,warm,static,3,2026-10-07T11:24:27.218Z,,240.285,,,,,57,1,0
in_app_navigation,R,warm,csr,4,2026-10-07T11:24:32.502Z,,376.42,,,,,60,4,4
in_app_navigation,R,warm,hybrid,4,2026-10-07T11:24:34.426Z,,448.073,,,,,49,10,10
in_app_navigation,R,warm,static,4,2026-10-07T11:24:35.487Z,,185.358,,,,,57,1,0
in_app_navigation,R,warm,csr,5,2026-10-07T11:24:40.120Z,,376.059,,,,,37,5,5
in_app_navigation,R,warm,hybrid,5,2026-10-07T11:24:38.481Z,,476.291,,,,,51,10,10
in_app_navigation,R,warm,static,5,2026-10-07T11:24:36.591Z,,257.583,,,,,57,1,0
in_app_navigation,R,warm,csr,6,2026-10-07T11:24:42.050Z,,411.72,,,,,63,5,5
in_app_navigation,R,warm,hybrid,6,2026-10-07T11:24:43.958Z,,532.889,,,,,51,10,10
in_app_navigation,R,warm,static,6,2026-10-07T11:24:45.211Z,,224.943,,,,,57,1,0
in_app_navigation,R,warm,csr,7,2026-10-07T11:24:50.413Z,,386.78,,,,,62,4,4
in_app_navigation,R,warm,hybrid,7,2026-10-07T11:24:48.479Z,,509.533,,,,,49,8,8
in_app_navigation,R,warm,static,7,2026-10-07T11:24:46.492Z,,244.568,,,,,57,1,0
in_app_navigation,R,warm,csr,8,2026-10-07T11:24:52.056Z,,337.862,,,,,38,5,5
in_app_navigation,R,warm,hybrid,8,2026-10-07T11:24:53.962Z,,355.201,,,,,43,8,8
in_app_navigation,R,warm,static,8,2026-10-07T11:24:54.975Z,,256.93,,,,,57,1,0
in_app_navigation,R,warm,csr,9,2026-10-07T11:25:00.196Z,,341.258,,,,,58,4,4
in_app_navigation,R,warm,hybrid,9,2026-10-07T11:24:58.387Z,,404.996,,,,,49,8,8
in_app_navigation,R,warm,static,9,2026-10-07T11:24:56.491Z,,238.028,,,,,57,1,0
in_app_navigation,R,warm,csr,10,2026-10-07T11:25:02.089Z,,346.242,,,,,58,4,4
in_app_navigation,R,warm,hybrid,10,2026-10-07T11:25:03.962Z,,427.72,,,,,49,8,8
in_app_navigation,R,warm,static,10,2026-10-07T11:25:05.233Z,,348.125,,,,,57,1,0
in_app_navigation,R,warm,csr,11,2026-10-07T11:25:10.057Z,,324.463,,,,,62,4,4
in_app_navigation,R,warm,hybrid,11,2026-10-07T11:25:08.178Z,,355.931,,,,,47,8,8
in_app_navigation,R,warm,static,11,2026-10-07T11:25:06.292Z,,267.526,,,,,57,1,0
in_app_navigation,R,warm,csr,12,2026-10-07T11:25:11.644Z,,318.041,,,,,36,4,4
in_app_navigation,R,warm,hybrid,12,2026-10-07T11:25:13.500Z,,402.156,,,,,51,10,10
in_app_navigation,R,warm,static,12,2026-10-07T11:25:14.530Z,,234.201,,,,,57,1,0
in_app_navigation,R,warm,csr,13,2026-10-07T11:25:19.375Z,,380.813,,,,,62,4,4
in_app_navigation,R,warm,hybrid,13,2026-10-07T11:25:17.447Z,,388.149,,,,,47,8,8
in_app_navigation,R,warm,static,13,2026-10-07T11:25:15.523Z,,235.159,,,,,57,1,0
in_app_navigation,R,warm,csr,14,2026-10-07T11:25:21.300Z,,366.053,,,,,62,4,4
in_app_navigation,R,warm,hybrid,14,2026-10-07T11:25:23.305Z,,651.159,,,,,55,10,10
in_app_navigation,R,warm,static,14,2026-10-07T11:25:24.418Z,,252.891,,,,,57,1,0
in_app_navigation,R,warm,csr,15,2026-10-07T11:25:29.074Z,,321.789,,,,,36,4,4
in_app_navigation,R,warm,hybrid,15,2026-10-07T11:25:27.442Z,,366.602,,,,,47,8,8
in_app_navigation,R,warm,static,15,2026-10-07T11:25:25.495Z,,244.527,,,,,57,1,0
project_home,M,cold,csr,1,2026-10-07T10:44:19.947Z,3053.252,,3152,12.2,1427,2514,84,8,5
project_home,M,cold,hybrid,1,2026-10-07T10:44:14.334Z,2052.608,,2064,12.1,2024.7,4597.9,89,9,6
project_home,M,cold,static,1,2026-10-07T10:44:07.173Z,837.127,,852,11.7,797.8,2535.1,28,1,0
project_home,M,cold,csr,2,2026-10-07T10:44:25.546Z,3038.836,,3152,12.3,1427.9,2513,84,8,5
project_home,M,cold,hybrid,2,2026-10-07T10:44:31.501Z,1722.401,,3768,11.8,1680.4,3381.3,89,9,6
project_home,M,cold,static,2,2026-10-07T10:44:34.697Z,1015.124,,1004,13,956,2620.1,28,1,0
project_home,M,cold,csr,3,2026-10-07T10:44:49.499Z,3061.949,,3164,11.2,1431.1,2514.6,84,8,5
project_home,M,cold,hybrid,3,2026-10-07T10:44:43.855Z,1600.068,,3748,13.4,1553.2,3316.1,87,9,6
project_home,M,cold,static,3,2026-10-07T10:44:37.961Z,842.765,,848,11.6,795,2687.1,28,1,0
project_home,M,cold,csr,4,2026-10-07T10:44:55.251Z,3170.449,,3276,12.6,1398,2671.1,84,8,5
project_home,M,cold,hybrid,4,2026-10-07T10:45:02.882Z,3123.228,,3068,895.9,3021.8,5041,89,9,6
project_home,M,cold,static,4,2026-10-07T10:45:06.136Z,850.007,,852,12.1,801.9,2677.6,28,1,0
project_home,M,cold,csr,5,2026-10-07T10:45:21.061Z,3174.541,,3288,13.9,1716.2,2620.9,84,8,5
project_home,M,cold,hybrid,5,2026-10-07T10:45:15.320Z,1579.069,,3884,12,1533.1,3552.1,89,9,6
project_home,M,cold,static,5,2026-10-07T10:45:09.186Z,868.331,,856,13.6,809.2,2473.6,28,1,0
project_home,M,cold,csr,6,2026-10-07T10:45:26.700Z,3062.088,,3180,11.3,1434.6,2516.1,84,8,5
project_home,M,cold,hybrid,6,2026-10-07T10:45:32.790Z,1567.173,,3840,11.3,1531,3517.4,89,9,6
project_home,M,cold,static,6,2026-10-07T10:45:35.839Z,833.17,,848,12.8,796.8,2473.9,28,1,0
project_home,M,cold,csr,7,2026-10-07T10:45:50.738Z,3261.201,,3396,11.7,1435.8,2752.7,84,8,5
project_home,M,cold,hybrid,7,2026-10-07T10:45:44.915Z,1557.733,,3820,10.5,1514.8,3415,89,9,6
project_home,M,cold,static,7,2026-10-07T10:45:38.934Z,884.738,,896,11.4,844,2512.9,28,1,0
project_home,M,cold,csr,8,2026-10-07T10:45:56.358Z,3043.665,,3136,11,1428.6,2512.4,84,8,5
project_home,M,cold,hybrid,8,2026-10-07T10:46:03.839Z,2134.678,,2092,12.1,2045.5,4897,89,9,6
project_home,M,cold,static,8,2026-10-07T10:46:07.720Z,1508.186,,1480,606,1428.9,3308.9,28,1,0
project_home,M,cold,csr,9,2026-10-07T10:46:23.216Z,3787.209,,3884,730.3,2738.5,3717.6,87,8,5
project_home,M,cold,hybrid,9,2026-10-07T10:46:16.868Z,1563.644,,3740,12,1522.9,3325.9,89,9,6
project_home,M,cold,static,9,2026-10-07T10:46:10.969Z,903.022,,892,13.1,816.9,2677.6,28,1,0
project_home,M,cold,csr,10,2026-10-07T10:46:28.834Z,3054.214,,3160,12.7,1426.2,2514.8,84,8,5
project_home,M,cold,hybrid,10,2026-10-07T10:46:34.940Z,1579.907,,3884,9.9,1532.4,3546.7,89,9,6
project_home,M,cold,static,10,2026-10-07T10:46:37.980Z,838.565,,848,12.6,805.5,2463.8,28,1,0
project_home,M,cold,csr,11,2026-10-07T10:46:54.015Z,3220.387,,3320,10.9,1563,2737.8,84,8,5
project_home,M,cold,hybrid,11,2026-10-07T10:46:48.212Z,1873.43,,1876,11.3,1826.8,4597.5,89,9,6
project_home,M,cold,static,11,2026-10-07T10:46:41.030Z,837.514,,852,10.9,800.8,2478,28,1,0
project_home,M,cold,csr,12,2026-10-07T10:46:59.425Z,2845.191,,2948,11.6,1698.5,2595.6,84,8,5
project_home,M,cold,hybrid,12,2026-10-07T10:47:05.368Z,1569.434,,3760,12.1,1522,3366.2,89,9,6
project_home,M,cold,static,12,2026-10-07T10:47:08.503Z,850.557,,860,12,812.1,2559.5,28,1,0
project_home,M,cold,csr,13,2026-10-07T10:47:23.234Z,3194.63,,3308,13.1,1431,2680.6,84,8,5
project_home,M,cold,hybrid,13,2026-10-07T10:47:17.433Z,1550.432,,3724,11.9,1510.4,3327.2,87,9,6
project_home,M,cold,static,13,2026-10-07T10:47:11.538Z,859.605,,844,13.2,803.1,2468.8,28,1,0
project_home,M,cold,csr,14,2026-10-07T10:47:28.925Z,3126.391,,3224,11.6,1429.6,2588.3,84,8,5
project_home,M,cold,hybrid,14,2026-10-07T10:47:34.836Z,1567.667,,3708,11.2,1522.6,3332.2,91,9,6
project_home,M,cold,static,14,2026-10-07T10:47:38.082Z,845.801,,848,10.6,800,2672,28,1,0
project_home,M,cold,csr,15,2026-10-07T10:47:52.747Z,2823.037,,2916,11.1,1812.7,2738.6,87,8,5
project_home,M,cold,hybrid,15,2026-10-07T10:47:47.350Z,1577.07,,3900,13.9,1537.1,3566,89,9,6
project_home,M,cold,static,15,2026-10-07T10:47:41.217Z,853.14,,864,12.1,810.7,2562.9,28,1,0
project_home,M,warm,csr,1,2026-10-07T10:48:22.618Z,735.491,,840,3.9,183.3,238.5,87,8,5
project_home,M,warm,hybrid,1,2026-10-07T10:48:19.357Z,363.525,,276,2.8,235,248.9,89,9,6
project_home,M,warm,static,1,2026-10-07T10:48:16.469Z,284.951,,244,4.1,250.9,250.9,28,1,0
project_home,M,warm,csr,2,2026-10-07T10:48:25.800Z,663.891,,756,3,178.7,197.6,84,8,5
project_home,M,warm,hybrid,2,2026-10-07T10:48:28.636Z,307.737,,268,3.3,230,260.3,89,9,6
project_home,M,warm,static,2,2026-10-07T10:48:29.446Z,294.292,,252,8.6,257,257.1,28,1,0
project_home,M,warm,csr,3,2026-10-07T10:48:36.362Z,725.347,,824,3,188.4,225.5,87,8,5
project_home,M,warm,hybrid,3,2026-10-07T10:48:33.113Z,393.536,,292,3.2,228.5,246.7,89,9,6
project_home,M,warm,static,3,2026-10-07T10:48:30.206Z,273.374,,252,6.8,241.8,241.8,28,1,0
project_home,M,warm,csr,4,2026-10-07T10:48:39.522Z,653.146,,744,3.8,180.4,199.1,84,8,5
project_home,M,warm,hybrid,4,2026-10-07T10:48:42.418Z,367.524,,284,3.6,232.3,248.6,89,9,6
project_home,M,warm,static,4,2026-10-07T10:48:43.191Z,286.937,,264,9,251.8,251.8,28,1,0
project_home,M,warm,csr,5,2026-10-07T10:48:50.012Z,698.062,,792,2.6,186.3,209.4,84,8,5
project_home,M,warm,hybrid,5,2026-10-07T10:48:46.808Z,343.657,,272,4.3,232.7,255.4,89,9,6
project_home,M,warm,static,5,2026-10-07T10:48:43.948Z,271.54,,272,4.3,239,239,28,1,0
project_home,M,warm,csr,6,2026-10-07T10:48:53.227Z,691.869,,776,3.5,182.1,204.9,87,8,5
project_home,M,warm,hybrid,6,2026-10-07T10:48:56.204Z,451.077,,336,2.9,279.4,298.6,89,9,6
project_home,M,warm,static,6,2026-10-07T10:48:57.055Z,339.436,,320,10.8,300,300,28,1,0
project_home,M,warm,csr,7,2026-10-07T10:49:03.997Z,743.493,,852,5.2,201.9,220.4,87,8,5
project_home,M,warm,hybrid,7,2026-10-07T10:49:00.727Z,398.275,,288,2.9,234.7,249.4,91,9,6
project_home,M,warm,static,7,2026-10-07T10:48:57.824Z,281.065,,260,3.7,248.4,248.4,28,1,0
project_home,M,warm,csr,8,2026-10-07T10:49:07.208Z,702.548,,792,2.9,178.6,217,84,8,5
project_home,M,warm,hybrid,8,2026-10-07T10:49:10.158Z,418.385,,284,2.8,232.2,247.3,89,9,6
project_home,M,warm,static,8,2026-10-07T10:49:11.006Z,374.072,,316,13,323.3,323.4,28,1,0
project_home,M,warm,csr,9,2026-10-07T10:49:18.021Z,727.43,,844,4.2,180.5,218.9,87,8,5
project_home,M,warm,hybrid,9,2026-10-07T10:49:14.789Z,399.58,,284,4.9,234.7,252.5,89,9,6
project_home,M,warm,static,9,2026-10-07T10:49:11.861Z,336.696,,336,5.1,297,297.1,28,1,0
project_home,M,warm,csr,10,2026-10-07T10:49:21.221Z,674.625,,760,2.5,178.6,196.4,84,8,5
project_home,M,warm,hybrid,10,2026-10-07T10:49:24.120Z,392.413,,296,2.9,239.3,256.2,87,9,6
project_home,M,warm,static,10,2026-10-07T10:49:24.894Z,286.718,,256,7.9,251.8,251.9,28,1,0
project_home,M,warm,csr,11,2026-10-07T10:49:31.785Z,682.523,,772,3,187.2,220,84,8,5
project_home,M,warm,hybrid,11,2026-10-07T10:49:28.580Z,391.718,,292,3.2,238.7,257.8,89,9,6
project_home,M,warm,static,11,2026-10-07T10:49:25.669Z,288.053,,260,4,247.7,247.8,28,1,0
project_home,M,warm,csr,12,2026-10-07T10:49:35.008Z,700.931,,788,2.8,178.4,221.9,87,8,5
project_home,M,warm,hybrid,12,2026-10-07T10:49:37.922Z,398.994,,272,2.8,227.6,248.3,89,9,6
project_home,M,warm,static,12,2026-10-07T10:49:38.723Z,287.88,,248,4.6,254.7,254.7,28,1,0
project_home,M,warm,csr,13,2026-10-07T10:49:45.554Z,688.549,,776,3.3,172.7,211.3,87,8,5
project_home,M,warm,hybrid,13,2026-10-07T10:49:42.358Z,359.929,,276,5.2,233.4,284.9,89,9,6
project_home,M,warm,static,13,2026-10-07T10:49:39.492Z,280.73,,276,3.7,238.4,238.4,28,1,0
project_home,M,warm,csr,14,2026-10-07T10:49:48.770Z,707.091,,800,2.9,181.2,220.1,87,8,5
project_home,M,warm,hybrid,14,2026-10-07T10:49:51.675Z,399.651,,328,3.5,211.2,225.5,85,9,6
project_home,M,warm,static,14,2026-10-07T10:49:52.441Z,277.824,,260,6.2,239.7,239.8,28,1,0
project_home,M,warm,csr,15,2026-10-07T10:49:59.229Z,677.969,,776,15.3,195.6,216.8,84,8,5
project_home,M,warm,hybrid,15,2026-10-07T10:49:56.043Z,332.844,,260,3.1,225.4,263.6,89,9,6
project_home,M,warm,static,15,2026-10-07T10:49:53.206Z,276.795,,252,4.1,245.1,245.1,28,1,0
project_home,R,cold,csr,1,2026-10-07T10:40:03.939Z,595.41,,720,13.1,274.9,274.9,84,8,5
project_home,R,cold,hybrid,1,2026-10-07T10:40:00.767Z,489.887,,788,14.5,370.2,412,89,9,6
project_home,R,cold,static,1,2026-10-07T10:39:57.701Z,459.315,,296,13.7,404.2,404.4,28,1,0
project_home,R,cold,csr,2,2026-10-07T10:40:07.120Z,585.545,,700,13.9,119.4,262.3,84,8,5
project_home,R,cold,hybrid,2,2026-10-07T10:40:10.162Z,461.408,,824,12.7,159.8,419.8,89,9,6
project_home,R,cold,static,2,2026-10-07T10:40:11.156Z,419.952,,284,12.5,342.4,357.1,28,1,0
project_home,R,cold,csr,3,2026-10-07T10:40:18.353Z,591.289,,716,11,120.9,256.2,84,8,5
project_home,R,cold,hybrid,3,2026-10-07T10:40:15.182Z,481.464,,800,15.1,344.6,431.5,91,9,6
project_home,R,cold,static,3,2026-10-07T10:40:12.143Z,312.403,,312,12.7,268.2,404.8,28,1,0
project_home,R,cold,csr,4,2026-10-07T10:40:21.490Z,573.758,,716,12.7,183,268.9,84,8,5
project_home,R,cold,hybrid,4,2026-10-07T10:40:24.653Z,582.954,,780,11.4,357.5,405.5,89,9,6
project_home,R,cold,static,4,2026-10-07T10:40:25.645Z,316.676,,312,11.8,265.2,417.9,28,1,0
project_home,R,cold,csr,5,2026-10-07T10:40:32.958Z,597.375,,708,11.6,196.7,262.7,87,8,5
project_home,R,cold,hybrid,5,2026-10-07T10:40:29.778Z,523.334,,764,11.6,342.8,377.4,87,9,6
project_home,R,cold,static,5,2026-10-07T10:40:26.676Z,464.636,,296,11.5,353,404.3,28,1,0
project_home,R,cold,csr,6,2026-10-07T10:40:36.165Z,633.272,,752,11.9,293.3,293.4,87,8,5
project_home,R,cold,hybrid,6,2026-10-07T10:40:39.208Z,463.378,,768,12,263.1,403.1,89,9,6
project_home,R,cold,static,6,2026-10-07T10:40:40.213Z,336.022,,336,15.2,289.6,418.7,28,1,0
project_home,R,cold,csr,7,2026-10-07T10:40:47.539Z,573.271,,720,14.2,185.9,252.9,84,8,5
project_home,R,cold,hybrid,7,2026-10-07T10:40:44.385Z,567.496,,776,10.5,334.5,512.6,91,9,6
project_home,R,cold,static,7,2026-10-07T10:40:41.239Z,453.611,,292,15.5,397.8,398,28,1,0
project_home,R,cold,csr,8,2026-10-07T10:40:50.667Z,570.877,,736,10.7,247.8,271.1,84,8,5
project_home,R,cold,hybrid,8,2026-10-07T10:40:53.633Z,402.259,,796,10.5,246,394.9,91,9,6
project_home,R,cold,static,8,2026-10-07T10:40:54.621Z,441.461,,288,12.6,403.6,403.7,28,1,0
project_home,R,cold,csr,9,2026-10-07T10:41:01.903Z,624.088,,776,14.3,288.3,288.4,87,8,5
project_home,R,cold,hybrid,9,2026-10-07T10:40:58.723Z,566.726,,800,12,341.5,386,91,9,6
project_home,R,cold,static,9,2026-10-07T10:40:55.589Z,295.6,,308,12.2,254.5,383.3,28,1,0
project_home,R,cold,csr,10,2026-10-07T10:41:05.061Z,597.174,,716,11.4,263.2,285.1,84,8,5
project_home,R,cold,hybrid,10,2026-10-07T10:41:08.236Z,602.947,,800,15.7,376.7,487.3,91,9,6
project_home,R,cold,static,10,2026-10-07T10:41:09.254Z,443.21,,300,14.1,379.9,380.1,28,1,0
project_home,R,cold,csr,11,2026-10-07T10:41:16.501Z,583.075,,696,10.2,279.6,279.8,84,8,5
project_home,R,cold,hybrid,11,2026-10-07T10:41:13.341Z,535.683,,800,12.4,342.4,403.9,89,9,6
project_home,R,cold,static,11,2026-10-07T10:41:10.245Z,324.24,,336,15.8,285.9,405.8,28,1,0
project_home,R,cold,csr,12,2026-10-07T10:41:19.662Z,588.479,,720,10.7,259.7,269.1,87,8,5
project_home,R,cold,hybrid,12,2026-10-07T10:41:22.777Z,535.527,,736,13.9,352,432.5,89,9,6
project_home,R,cold,static,12,2026-10-07T10:41:23.733Z,292.827,,304,12.3,253.6,374.3,28,1,0
project_home,R,cold,csr,13,2026-10-07T10:41:31.022Z,593.376,,772,12.5,265.4,265.6,84,8,5
project_home,R,cold,hybrid,13,2026-10-07T10:41:27.852Z,540.007,,792,12,367.2,402.5,89,9,6
project_home,R,cold,static,13,2026-10-07T10:41:24.745Z,444.239,,280,15,389.7,389.9,28,1,0
project_home,R,cold,csr,14,2026-10-07T10:41:34.146Z,561.973,,664,11.6,118.3,256.7,84,8,5
project_home,R,cold,hybrid,14,2026-10-07T10:41:37.204Z,484.788,,812,11.5,352.4,420.3,89,9,6
project_home,R,cold,static,14,2026-10-07T10:41:38.141Z,304.405,,308,12.4,264,361.2,28,1,0
project_home,R,cold,csr,15,2026-10-07T10:41:45.334Z,629.851,,832,16.2,285.6,285.7,87,8,5
project_home,R,cold,hybrid,15,2026-10-07T10:41:42.129Z,440.447,,808,12.2,263.9,387.2,87,9,6
project_home,R,cold,static,15,2026-10-07T10:41:39.119Z,439.813,,300,12.2,408.7,408.8,28,1,0
project_home,R,warm,csr,1,2026-10-07T10:42:05.571Z,395.725,,492,2.4,71.2,92.7,84,8,5
project_home,R,warm,hybrid,1,2026-10-07T10:42:02.651Z,236.162,,212,3,72.2,110.4,91,9,6
project_home,R,warm,static,1,2026-10-07T10:41:59.891Z,156.746,,144,4.1,115.7,115.8,28,1,0
project_home,R,warm,csr,2,2026-10-07T10:42:08.425Z,327.17,,432,4.2,69.7,91.5,84,8,5
project_home,R,warm,hybrid,2,2026-10-07T10:42:11.156Z,223.614,,160,2.7,59.9,82.6,89,9,6
project_home,R,warm,static,2,2026-10-07T10:42:11.849Z,176.904,,164,3.9,139.5,139.6,28,1,0
project_home,R,warm,csr,3,2026-10-07T10:42:18.260Z,387.977,,524,2.9,68.7,114.9,84,8,5
project_home,R,warm,hybrid,3,2026-10-07T10:42:15.362Z,348.305,,248,3,71.2,92.2,89,9,6
project_home,R,warm,static,3,2026-10-07T10:42:12.503Z,166.354,,160,4.8,125.5,125.6,28,1,0
project_home,R,warm,csr,4,2026-10-07T10:42:21.099Z,334.954,,448,2.7,65.6,89,84,8,5
project_home,R,warm,hybrid,4,2026-10-07T10:42:23.842Z,222.151,,204,3.4,73.6,106.9,89,9,6
project_home,R,warm,static,4,2026-10-07T10:42:24.518Z,186.031,,172,4.6,136,136.1,28,1,0
project_home,R,warm,csr,5,2026-10-07T10:42:30.758Z,347.736,,456,2.7,85.2,132.6,84,8,5
project_home,R,warm,hybrid,5,2026-10-07T10:42:27.901Z,192.701,,196,4.3,74.1,146.7,89,9,6
project_home,R,warm,static,5,2026-10-07T10:42:25.182Z,175.278,,164,6.6,125.3,125.4,28,1,0
project_home,R,warm,csr,6,2026-10-07T10:42:33.602Z,329.779,,424,3.2,81,113.8,84,8,5
project_home,R,warm,hybrid,6,2026-10-07T10:42:36.379Z,258.32,,192,3.3,69.4,92.3,89,9,6
project_home,R,warm,static,6,2026-10-07T10:42:37.025Z,153.422,,152,5.3,115.7,115.8,28,1,0
project_home,R,warm,csr,7,2026-10-07T10:42:43.350Z,339.852,,504,5.1,76.3,120.9,84,8,5
project_home,R,warm,hybrid,7,2026-10-07T10:42:40.490Z,278.164,,240,3.7,68.7,90,89,9,6
project_home,R,warm,static,7,2026-10-07T10:42:37.701Z,163.314,,160,6.2,125.6,125.6,28,1,0
project_home,R,warm,csr,8,2026-10-07T10:42:46.194Z,323.168,,436,2.9,61.6,94.9,84,8,5
project_home,R,warm,hybrid,8,2026-10-07T10:42:48.971Z,254.452,,196,3.9,71.4,153.5,89,9,6
project_home,R,warm,static,8,2026-10-07T10:42:49.650Z,191.422,,180,6,136.8,136.8,28,1,0
project_home,R,warm,csr,9,2026-10-07T10:42:55.968Z,327.898,,448,2.8,70.8,120.1,84,8,5
project_home,R,warm,hybrid,9,2026-10-07T10:42:53.128Z,285.197,,228,3.2,70.2,90.1,89,9,6
project_home,R,warm,static,9,2026-10-07T10:42:50.321Z,184.994,,172,7.7,130.1,130.1,28,1,0
project_home,R,warm,csr,10,2026-10-07T10:42:58.818Z,331.489,,444,3,66.5,97.8,84,8,5
project_home,R,warm,hybrid,10,2026-10-07T10:43:01.556Z,226.914,,148,3.5,60.2,137,89,9,6
project_home,R,warm,static,10,2026-10-07T10:43:02.224Z,154.669,,172,4.3,119.2,119.2,28,1,0
project_home,R,warm,csr,11,2026-10-07T10:43:08.489Z,355.358,,472,3.4,74.5,116.3,84,8,5
project_home,R,warm,hybrid,11,2026-10-07T10:43:05.617Z,226.126,,160,2.7,65.8,147.9,89,9,6
project_home,R,warm,static,11,2026-10-07T10:43:02.883Z,170.955,,184,5.2,130.3,130.4,28,1,0
project_home,R,warm,csr,12,2026-10-07T10:43:11.342Z,343.242,,440,2.9,65.7,86,84,8,5
project_home,R,warm,hybrid,12,2026-10-07T10:43:14.073Z,224.458,,172,2.9,68.5,152,89,9,6
project_home,R,warm,static,12,2026-10-07T10:43:14.714Z,154.716,,164,3.9,115.9,115.9,28,1,0
project_home,R,warm,csr,13,2026-10-07T10:43:20.965Z,325.122,,424,2.8,68.6,103.1,84,8,5
project_home,R,warm,hybrid,13,2026-10-07T10:43:18.116Z,241.755,,232,5,73.4,157.7,89,9,6
project_home,R,warm,static,13,2026-10-07T10:43:15.366Z,162.742,,160,3.5,124.5,124.6,28,1,0
project_home,R,warm,csr,14,2026-10-07T10:43:23.821Z,327.62,,476,3.4,66.7,98.5,84,8,5
project_home,R,warm,hybrid,14,2026-10-07T10:43:26.531Z,204.091,,208,3.9,72.9,106.5,89,9,6
project_home,R,warm,static,14,2026-10-07T10:43:27.213Z,166.61,,164,4.8,124.9,124.9,28,1,0
project_home,R,warm,csr,15,2026-10-07T10:43:33.490Z,340.927,,460,4.1,59.8,100.3,84,8,5
project_home,R,warm,hybrid,15,2026-10-07T10:43:30.628Z,216.595,,220,5,67.7,109.6,89,9,6
project_home,R,warm,static,15,2026-10-07T10:43:27.886Z,184.882,,180,4.1,131.1,131.1,28,1,0
