scenario,profile,cache,implementation,n,success_n,visible_med,visible_p75,visible_p95,lcp_med,lcp_p75,lcp_p95,ttfb_med,ttfb_p75,ttfb_p95,dcl_med,dcl_p75,dcl_p95,load_med,load_p75,load_p95,network_idle_med,network_idle_p75,network_idle_p95,network_idle_cap_n,request_med,api_request_med,api_server_med,api_stages_med,api_missing_response_med,api_missing_response_n,encoded_bytes_med,cache_hits_med,304_med,disk_cache_med,auth_intercepts_med,blocked_external_med,click_api_request_med,click_api_server_med,click_auth_intercepts_med,click_api_stages_med,click_api_pending_n
project_home,R,cold,csr,15,15,591.289,597.375,633.272,720,752,832,11.9,13.9,16.2,259.7,279.6,293.3,269.1,285.1,293.4,,,,15,84,8,5,4,0,0,687760,0,0,0,0,0,,,,,
project_home,R,cold,hybrid,15,15,523.334,566.726,602.947,796,800,824,12,13.9,15.7,342.8,357.5,376.7,405.5,431.5,512.6,,,,15,89,9,6,4,0,0,761122,0,0,0,0,0,,,,,
project_home,R,cold,static,15,15,419.952,444.239,464.636,300,312,336,12.6,15,15.8,342.4,397.8,408.7,403.7,405.8,418.7,918.806,937.466,959.856,0,28,1,0,1,0,0,360529,0,0,0,1,0,,,,,
project_home,R,warm,csr,15,15,334.954,347.736,395.725,448,476,524,2.9,3.4,5.1,68.7,74.5,85.2,100.3,116.3,132.6,,,,15,84,8,5,4,0,0,24599,42,0,0,0,0,,,,,
project_home,R,warm,hybrid,15,15,226.914,258.32,348.305,204,228,248,3.4,3.9,5,70.2,72.9,74.1,109.6,147.9,157.7,,,,15,89,9,6,4,0,0,105204,41,0,0,0,0,,,,,
project_home,R,warm,static,15,15,166.61,184.882,191.422,164,172,184,4.8,6,7.7,125.5,131.1,139.5,125.6,131.1,139.6,652.193,661.98,670.981,0,28,1,0,1,0,0,8065,26,0,0,1,0,,,,,
project_home,M,cold,csr,15,15,3062.088,3194.63,3787.209,3180,3308,3884,11.7,12.7,730.3,1431.1,1698.5,2738.5,2595.6,2737.8,3717.6,,,,15,84,8,5,3,0,0,687782,0,0,0,0,0,,,,,
project_home,M,cold,hybrid,15,15,1579.069,1873.43,3123.228,3748,3840,3900,12,12.1,895.9,1533.1,1826.8,3021.8,3517.4,4597.5,5041,,,,15,89,9,6,4,0,5,760929,0,0,0,0,0,,,,,
project_home,M,cold,static,15,15,850.557,884.738,1508.186,852,892,1480,12.1,13.1,606,805.5,816.9,1428.9,2559.5,2677.6,3308.9,3062.69,3181.205,3811.382,0,28,1,0,1,0,0,360552,0,0,0,1,0,,,,,
project_home,M,warm,csr,15,15,698.062,725.347,743.493,788,824,852,3,3.9,15.3,181.2,187.2,201.9,217,220.4,238.5,,,,15,87,8,5,3,0,0,29610,42,0,0,0,0,,,,,
project_home,M,warm,hybrid,15,15,392.413,399.58,451.077,284,292,336,3.2,3.6,5.2,232.7,235,279.4,252.5,260.3,298.6,,,,15,89,9,6,3,0,1,105175,41,0,0,0,0,,,,,
project_home,M,warm,static,15,15,286.718,294.292,374.072,260,276,336,5.1,8.6,13,250.9,257,323.3,250.9,257.1,323.4,762.461,784.889,837.027,0,28,1,0,1,0,0,8065,26,0,0,1,0,,,,,
erd_document,R,cold,csr,15,15,746.7,765.826,810.385,936,956,1032,11.2,11.6,17.6,264.4,276.3,301.3,272.6,282.5,301.3,,,,15,82,6,6,5,0,0,684232,0,0,0,0,0,,,,,
erd_document,R,cold,hybrid,15,15,625.163,705.425,1147.853,1068,1092,1720,12.2,13.1,714.7,358.7,363.7,980,414.7,439.5,1080.9,,,,15,89,9,9,4,0,0,781379,0,0,0,0,0,,,,,
erd_document,R,cold,static,15,15,463.311,484.978,493.841,312,328,360,13,14.7,16.2,379,407.4,438.5,407.6,430.4,449.7,1467.699,1485.324,1505.441,0,55,1,0,1,0,0,1061445,0,0,0,1,0,,,,,
erd_document,R,warm,csr,15,15,461.988,474.479,507.796,624,644,688,2.6,2.7,3.6,66.7,69.2,73.8,92.3,104.9,122.5,,,,15,82,6,6,5,0,0,31094,39,0,0,0,0,,,,,
erd_document,R,warm,hybrid,15,15,315.87,321.927,342.51,212,220,236,3.6,5,5.8,74.8,76.4,77.3,116.2,150,168.6,,,,15,89,9,9,4,0,0,135569,38,0,0,0,0,,,,,
erd_document,R,warm,static,15,15,254.429,290.699,638.872,208,220,236,4.4,4.9,6,145.3,149.6,168.3,145.4,149.7,168.3,749.923,768.189,793.86,0,56,1,0,1,0,0,11397,53,0,0,1,0,,,,,
erd_document,M,cold,csr,15,15,3535.691,3672.774,4062.794,3952,4256,4696,11.2,11.4,733.7,1428.4,1479,2149.8,2564.9,2719.8,3233.6,,,,15,82,6,6,4,0,0,684258,0,0,0,0,0,,,,,
erd_document,M,cold,hybrid,15,15,1581.788,1596.898,2144.351,3984,4116,4156,11.5,13.7,16.2,1544,1561.5,2037.6,3461.3,3590.8,4260.8,,,,15,89,9,9,4,0,3,760893,0,0,0,0,0,,,,,
erd_document,M,cold,static,15,15,868.569,892.236,1607.389,868,896,1592,12.9,13.4,738.7,823.9,838.1,1545.5,3339,3653.9,3744.2,,,,15,51,1,0,1,0,0,564343,0,0,0,1,0,,,,,
erd_document,M,warm,csr,15,15,986.599,1014.867,1031.809,1136,1160,1232,3.3,4.2,6.5,182.3,189.3,230.2,215.8,225.4,277.8,,,,15,85,6,6,4,0,0,36055,39,0,0,0,0,,,,,
erd_document,M,warm,hybrid,15,15,472.915,555.967,639.643,284,752,856,3.8,5.9,8.3,265.4,270,373.6,265.5,270.5,373.8,,,,15,89,9,9,5,0,0,129079,38,0,0,0,0,,,,,
erd_document,M,warm,static,15,15,386.557,408.433,580.66,280,300,356,5,6.6,11.6,281.3,301.3,353.8,281.3,301.3,353.8,896.66,918.917,974.442,0,56,1,0,1,0,0,11397,53,0,0,1,0,,,,,
general_post,R,cold,csr,15,15,593.02,604.914,1315.211,712,760,1452,12.1,12.5,744.2,214.4,268.2,1015.4,267.2,295,1015.4,,,,15,63,5,5,4,0,0,618205,0,0,0,0,0,,,,,
general_post,R,cold,hybrid,15,15,591.567,607.97,967.891,648,664,1028,11.8,13.8,390.5,265,270,496.9,270.1,285.3,664.2,,,,15,60,5,5,4,0,0,618835,0,0,0,0,0,,,,,
general_post,R,cold,static,15,15,366.48,386.384,420.22,260,272,280,13,14,18,314.2,333.3,375.3,335.9,342,375.3,851.842,880.676,915.941,0,23,1,0,1,0,0,310138,0,0,0,1,0,,,,,
general_post,R,warm,csr,15,15,294.483,301.074,316.808,392,412,428,2.8,3.2,3.7,66,70.2,72.9,98.6,103.5,112.3,,,,15,63,5,5,4,0,0,18173,36,0,0,0,0,,,,,
general_post,R,warm,hybrid,15,15,295.728,304.233,367.073,352,360,452,2.9,3.2,5.7,67.2,67.9,69.6,96.4,105.8,114.6,,,,15,60,5,5,4,0,0,25603,35,0,0,0,0,,,,,
general_post,R,warm,static,15,15,136.984,143.284,185.269,140,144,164,3.8,4,4.8,100.3,105.8,137.5,100.4,105.8,137.5,614.616,631.828,677.008,0,23,1,0,1,0,0,5852,21,0,0,1,0,,,,,
general_post,M,cold,csr,15,15,2965.588,3087.891,3374.007,3068,3240,3472,11.2,12.5,427.6,1435.8,1819.3,2010,2584.8,4170.6,4655.8,,,,15,63,5,5,3,0,0,618088,0,0,0,0,0,,,,,
general_post,M,cold,hybrid,15,15,2989.672,3021.321,3415.094,3044,3072,3476,12.1,13.2,428.6,1442.4,1860.4,2011.7,2460,4107.6,4492.9,,,,15,60,5,5,3,0,0,618744,0,0,0,0,0,,,,,
general_post,M,cold,static,15,15,778.676,793.241,1724.412,772,776,1724,12.4,14.2,962.5,728,748.7,1685.5,2212,2364.6,3315.7,2716.668,2868.39,3818.912,0,23,1,0,1,0,0,310161,0,0,0,1,0,,,,,
general_post,M,warm,csr,15,15,658.081,667.969,690.217,756,760,796,2.7,3.3,5,183.3,186.7,191.8,217.3,230.2,241.8,,,,15,63,5,5,3,0,0,18214,36,0,0,0,0,,,,,
general_post,M,warm,hybrid,15,15,652.902,661.747,685.833,712,728,736,3,3.5,6.4,183.6,186.5,194.9,218.1,223.9,241,,,,15,60,5,5,3,0,0,25660,35,0,0,0,0,,,,,
general_post,M,warm,static,15,15,264.999,276.078,287.716,244,260,292,4.1,5.3,7.1,225.8,231.3,238.9,225.8,231.3,239.1,753.082,762.422,779.355,0,23,1,0,1,0,0,5852,21,0,0,1,0,,,,,
home_list,R,cold,csr,15,15,516.474,528.117,919.008,540,564,944,11.6,12.3,442.6,246.8,248.9,667,248.9,255.7,702.9,,,,15,74,6,6,2,0,0,587311,0,0,0,0,0,,,,,
home_list,R,cold,hybrid,15,15,561.556,577.673,616.172,592,596,640,11.9,12.8,14.3,286.8,294.2,342.2,321.9,335,342.7,,,,15,74,6,6,2,0,0,589422,0,0,0,0,0,,,,,
home_list,R,cold,static,15,15,403.775,412.888,442.53,216,224,244,6.4,7.1,7.4,290.8,309.6,338.4,301.9,311,338.7,897.923,906.428,921.951,0,22,1,0,1,0,0,273252,0,0,0,1,0,,,,,
home_list,R,warm,csr,15,15,260.616,274.084,283.149,296,312,320,3,3,4,66.1,70.2,82,102.4,105.9,112,,,,15,71,6,6,2,0,0,22082,33,0,0,0,0,,,,,
home_list,R,warm,hybrid,15,15,267.227,291.793,325.281,288,312,348,3,3.6,4.3,65.7,69,74,115.8,118.6,131.3,,,,15,72,6,6,2,0,0,36438,32,0,0,0,0,,,,,
home_list,R,warm,static,15,15,178.336,190.768,200.82,124,132,148,6.6,7.3,9,67.6,93.8,99.2,76.4,93.9,99.3,675.349,687.084,694.791,0,22,1,0,1,0,0,5432,19,0,0,1,0,,,,,
home_list,M,cold,csr,15,15,2571.878,2617.969,2756.337,2592,2644,2784,11.2,14.2,353.6,1131.1,1143.8,1924.9,2071,2183.4,4658.1,,,,15,74,6,6,2,0,0,587356,0,0,0,0,0,,,,,
home_list,M,cold,hybrid,15,15,2975.826,3022.918,3949.715,2988,3040,3972,11.9,13.2,792.6,1179.8,1263.2,1964.8,2501.9,2663.7,3503.2,,,,15,74,6,6,2,0,0,589533,0,0,0,0,0,,,,,
home_list,M,cold,static,15,15,816.274,834.611,1599.385,628,632,656,5.6,6.7,9.1,599.4,604,607.3,1932,2112,2140.9,2622.746,2805.565,3376.652,0,22,1,0,1,0,0,273275,0,0,0,1,0,,,,,
home_list,M,warm,csr,15,15,649.342,658.184,688.556,672,680,708,2.8,3.3,5.4,184.9,190.3,211.4,217.6,223.8,268.6,,,,15,74,6,6,2,0,0,27116,33,0,0,0,0,,,,,
home_list,M,warm,hybrid,15,15,633.163,650.467,679.781,652,668,696,3.4,4.1,5.2,192.2,205.2,207.6,219.3,225.9,250.7,,,,15,72,6,6,2,0,0,36461,32,0,0,0,0,,,,,
home_list,M,warm,static,15,15,419.373,423.071,461.546,236,248,272,6.2,7.4,9.9,209.2,213.9,241.2,209.2,214.2,241.3,911.821,918.207,958.388,0,22,1,0,1,0,0,5432,19,0,0,1,0,,,,,
in_app_navigation,R,cold,csr,15,15,414.211,455.939,467.934,,,,,,,,,,,,,1486.559,1569.055,1627.265,0,63,5,5,4,0,0,115291,0,0,0,0,0,2,2,0,2,0
in_app_navigation,R,cold,hybrid,15,15,700.791,784.157,959.409,,,,,,,,,,,,,1587.524,1753.121,1777.415,7,58,10,10,6,0,0,233914,0,0,0,0,0,7,7,0,3,45
in_app_navigation,R,cold,static,15,15,216.347,232.182,327.15,,,,,,,,,,,,,1256.565,1285.102,1642.829,0,56,1,0,1,0,0,731319,26,0,0,1,0,1,0,1,1,0
in_app_navigation,R,warm,csr,15,15,346.242,376.42,411.72,,,,,,,,,,,,,1385.078,1439.675,1467.008,0,58,4,4,3,0,0,31212,8,0,0,0,0,1,1,0,1,0
in_app_navigation,R,warm,hybrid,15,15,427.72,476.291,651.159,,,,,,,,,,,,,1418.177,1480.348,1665.421,0,49,8,8,5,0,0,118865,7,0,0,0,0,5,5,0,2,48
in_app_navigation,R,warm,static,15,15,240.285,256.93,348.125,,,,,,,,,,,,,776.1,799.47,1276.036,0,57,1,0,1,0,0,11375,54,0,0,1,0,1,0,1,1,0
in_app_navigation,M,cold,csr,15,15,1214.834,1310.018,1616.758,,,,,,,,,,,,,2622.96,2687.159,2772.591,0,44,5,5,2,0,0,117376,0,0,0,0,0,2,2,0,1,0
in_app_navigation,M,cold,hybrid,15,15,490.213,512.259,2215.108,,,,,,,,,,,,,,,,15,89,9,9,5,0,1,574429,12,0,0,0,0,0,0,0,0,1
in_app_navigation,M,cold,static,15,15,443.342,454.139,500.584,,,,,,,,,,,,,,,,15,51,1,0,1,0,0,500292,10,0,0,1,0,1,0,1,0,6
in_app_navigation,M,warm,csr,15,15,539.515,576.494,652.189,,,,,,,,,,,,,1867.618,1898.683,1973.755,0,40,5,5,2,0,0,28162,8,0,0,0,0,2,2,0,1,0
in_app_navigation,M,warm,hybrid,15,15,407.922,425.156,506.079,,,,,,,,,,,,,2546.212,2612.445,2666.422,0,51,8,8,5,0,0,124410,7,0,0,0,0,2,2,0,1,0
in_app_navigation,M,warm,static,15,15,300.847,316.711,382.228,,,,,,,,,,,,,889.907,915.858,957.833,0,57,1,0,1,0,0,11391,54,0,0,1,0,1,0,1,0,9
