distribution,scale,mix,backend,operation,attempts,median_ms,p95_ms_type7
skew,10000,50:50,mysql,popular,150,0.8169455000000001,1.0593015499999998
skew,10000,50:50,mysql,register,30,7.3781495,17.02391755
skew,10000,50:50,mysql,update,270,1.228528,1.7074269999999994
skew,10000,50:50,mysql,visualize,150,1.722051,2.1813325499999983
skew,10000,50:50,neo4j,popular,150,9.3253825,76.74193299999999
skew,10000,50:50,neo4j,register,30,58.4280705,97.00346035000001
skew,10000,50:50,neo4j,update,270,5.6241775,74.10389455
skew,10000,50:50,neo4j,visualize,150,9.882506,76.69116455
skew,10000,90:10,mysql,popular,270,0.8114055,1.2375139999999991
skew,10000,90:10,mysql,register,30,8.256596,21.729255799999997
skew,10000,90:10,mysql,update,30,1.48361,2.261295
skew,10000,90:10,mysql,visualize,270,1.6976909999999998,2.495299
skew,10000,90:10,neo4j,popular,270,8.783519,46.277750149999974
skew,10000,90:10,neo4j,register,30,24.088639999999998,70.54959709999999
skew,10000,90:10,neo4j,update,30,7.365791,50.426039099999954
skew,10000,90:10,neo4j,visualize,270,9.2080435,43.59460914999997
uniform,1000,50:50,mysql,popular,150,0.6224845,0.736394
uniform,1000,50:50,mysql,register,30,7.1055715,13.1602201
uniform,1000,50:50,mysql,update,270,1.2133284999999998,1.62160545
uniform,1000,50:50,mysql,visualize,150,1.517931,1.7894005499999999
uniform,1000,50:50,neo4j,popular,150,4.4791125,70.28026634999999
uniform,1000,50:50,neo4j,register,30,75.5126625,152.68410909999974
uniform,1000,50:50,neo4j,update,270,5.9384225,71.98493679999999
uniform,1000,50:50,neo4j,visualize,150,5.339218000000001,73.835151
uniform,1000,90:10,mysql,popular,270,0.6017440000000001,0.8279039999999998
uniform,1000,90:10,mysql,register,30,7.7963555,14.878658399999996
uniform,1000,90:10,mysql,update,30,1.2169885,1.4853760999999996
uniform,1000,90:10,mysql,visualize,270,1.4718305,1.86468655
uniform,1000,90:10,neo4j,popular,270,3.763607,48.915869499999914
uniform,1000,90:10,neo4j,register,30,62.8234675,97.38437609999997
uniform,1000,90:10,neo4j,update,30,6.5559665,76.21863389999999
uniform,1000,90:10,neo4j,visualize,270,4.4435325,67.36832164999998
uniform,10000,50:50,mysql,popular,150,0.627984,0.7249509999999999
uniform,10000,50:50,mysql,register,30,6.8562875,13.035438099999999
uniform,10000,50:50,mysql,update,270,1.1719884999999999,1.4814439999999998
uniform,10000,50:50,mysql,visualize,150,1.5465305,1.73616855
uniform,10000,50:50,neo4j,popular,150,4.9385745,71.40816075
uniform,10000,50:50,neo4j,register,30,75.91854699999999,100.77676559999999
uniform,10000,50:50,neo4j,update,270,5.5778385,75.11145655
uniform,10000,50:50,neo4j,visualize,150,5.478898,73.23766764999999
uniform,10000,90:10,mysql,popular,270,0.5903445,0.68628055
uniform,10000,90:10,mysql,register,30,6.5559460000000005,12.3729201
uniform,10000,90:10,mysql,update,30,1.1701679999999999,1.4762719999999998
uniform,10000,90:10,mysql,visualize,270,1.44459,1.64437355
uniform,10000,90:10,neo4j,popular,270,4.054008,61.53273994999997
uniform,10000,90:10,neo4j,register,30,27.6747735,94.71496474999996
uniform,10000,90:10,neo4j,update,30,6.6281465,71.38010745
uniform,10000,90:10,neo4j,visualize,270,4.5653115,64.30077109999999
uniform,30000,50:50,mysql,popular,150,0.7811250000000001,0.9118609999999999
uniform,30000,50:50,mysql,register,30,7.501811,13.607555199999998
uniform,30000,50:50,mysql,update,270,1.1854879999999999,1.5394345500000002
uniform,30000,50:50,mysql,visualize,150,1.7416719999999999,2.008396
uniform,30000,50:50,neo4j,popular,150,5.699719,73.97952855
uniform,30000,50:50,neo4j,register,30,78.96267950000001,145.54235679999977
uniform,30000,50:50,neo4j,update,270,5.278276,70.86998855
uniform,30000,50:50,neo4j,visualize,150,6.445704,75.32927329999998
uniform,30000,90:10,mysql,popular,270,0.730665,0.8606579999999999
uniform,30000,90:10,mysql,register,30,7.1439685,13.033456849999997
uniform,30000,90:10,mysql,update,30,1.2338685,1.5945105499999996
uniform,30000,90:10,mysql,visualize,270,1.6513309999999999,1.8193484499999997
uniform,30000,90:10,neo4j,popular,270,5.029154500000001,50.449132549999995
uniform,30000,90:10,neo4j,register,30,26.4971405,83.82612375
uniform,30000,90:10,neo4j,update,30,6.2315825,52.36595914999998
uniform,30000,90:10,neo4j,visualize,270,5.471137499999999,47.81663594999998
