scenario,implementation,profile,cache,metric,n,median,p75,p95
erd_document,new,M,cold,content_visible_ms,20,943.978,949.921,981.374
erd_document,new,M,cold,lcp_ms,20,928,964,992
erd_document,new,M,cold,ttfb_ms,20,11,11.4,12.1
erd_document,new,M,cold,dcl_ms,20,885.5,913.1,939
erd_document,new,M,cold,load_ms,20,3143.7,3406,3871.6
erd_document,new,M,cold,diagrams_ready_ms,0,,,
erd_document,new,M,cold,network_idle_ms,20,7457.284,7518.463,7787.237
erd_document,new,M,cold,request_count,20,55,55,55
erd_document,new,M,cold,api_request_count,20,1,1,1
erd_document,new,M,cold,encoded_bytes,20,1054392,1054411,1054414
erd_document,new,M,cold,api_serial_steps,20,1,1,1
erd_document,new,M,warm,content_visible_ms,20,856.659,861.148,907.991
erd_document,new,M,warm,lcp_ms,20,844,852,892
erd_document,new,M,warm,ttfb_ms,20,5,7.4,9
erd_document,new,M,warm,dcl_ms,20,806.6,810.8,857.9
erd_document,new,M,warm,load_ms,20,3187.5,3511.3,3772.5
erd_document,new,M,warm,diagrams_ready_ms,0,,,
erd_document,new,M,warm,network_idle_ms,20,7386.822,7497.056,7691.824
erd_document,new,M,warm,request_count,20,55,55,55
erd_document,new,M,warm,api_request_count,20,1,1,1
erd_document,new,M,warm,encoded_bytes,20,1054335,1054365,1054389
erd_document,new,M,warm,api_serial_steps,20,1,1,1
erd_document,new,R,cold,content_visible_ms,20,338.675,481.564,516.637
erd_document,new,R,cold,lcp_ms,20,324,332,380
erd_document,new,R,cold,ttfb_ms,20,12.1,13.2,17.6
erd_document,new,R,cold,dcl_ms,20,293.1,389.4,450
erd_document,new,R,cold,load_ms,20,430.3,442.7,472.5
erd_document,new,R,cold,diagrams_ready_ms,0,,,
erd_document,new,R,cold,network_idle_ms,20,1473.103,1495.211,1605.407
erd_document,new,R,cold,request_count,20,55,55,55
erd_document,new,R,cold,api_request_count,20,1,1,1
erd_document,new,R,cold,encoded_bytes,20,1054346,1054349,1054350
erd_document,new,R,cold,api_serial_steps,20,1,1,1
erd_document,new,R,warm,content_visible_ms,20,370.209,408.313,438.981
erd_document,new,R,warm,lcp_ms,20,244,268,276
erd_document,new,R,warm,ttfb_ms,20,4.8,5.6,6.8
erd_document,new,R,warm,dcl_ms,20,269.9,340.7,369.6
erd_document,new,R,warm,load_ms,20,341.3,358.7,378.5
erd_document,new,R,warm,diagrams_ready_ms,0,,,
erd_document,new,R,warm,network_idle_ms,20,1343.217,1368.183,1387.705
erd_document,new,R,warm,request_count,20,55,55,55
erd_document,new,R,warm,api_request_count,20,1,1,1
erd_document,new,R,warm,encoded_bytes,20,1054246,1054272,1054294
erd_document,new,R,warm,api_serial_steps,20,1,1,1
erd_document,old,M,cold,content_visible_ms,20,1428.19,1451.868,1645.5
erd_document,old,M,cold,lcp_ms,20,3976,4080,4248
erd_document,old,M,cold,ttfb_ms,20,9.7,10.4,10.6
erd_document,old,M,cold,dcl_ms,20,1390.1,1417.4,1613.3
erd_document,old,M,cold,load_ms,20,3443.5,3536.8,3768.1
erd_document,old,M,cold,diagrams_ready_ms,0,,,
erd_document,old,M,cold,network_idle_ms,0,,,
erd_document,old,M,cold,request_count,20,89,89,89
erd_document,old,M,cold,api_request_count,20,9,9,9
erd_document,old,M,cold,encoded_bytes,20,767763,768332,784522
erd_document,old,M,cold,api_serial_steps,20,1,1,1
erd_document,old,M,warm,content_visible_ms,20,500.394,582.159,607.18
erd_document,old,M,warm,lcp_ms,20,360,368,452
erd_document,old,M,warm,ttfb_ms,20,6.4,9,11.1
erd_document,old,M,warm,dcl_ms,20,313.3,320.7,401.7
erd_document,old,M,warm,load_ms,20,321.7,334,446.2
erd_document,old,M,warm,diagrams_ready_ms,0,,,
erd_document,old,M,warm,network_idle_ms,0,,,
erd_document,old,M,warm,request_count,20,89,89,89
erd_document,old,M,warm,api_request_count,20,9,9,9
erd_document,old,M,warm,encoded_bytes,20,131456,131568,132039
erd_document,old,M,warm,api_serial_steps,20,1,1,1
erd_document,old,R,cold,content_visible_ms,20,445.29,517.449,601.01
erd_document,old,R,cold,lcp_ms,20,1040,1060,1108
erd_document,old,R,cold,ttfb_ms,20,9.8,10.5,11.4
erd_document,old,R,cold,dcl_ms,20,270.8,333.5,350.1
erd_document,old,R,cold,load_ms,20,385.9,416.1,435.1
erd_document,old,R,cold,diagrams_ready_ms,0,,,
erd_document,old,R,cold,network_idle_ms,0,,,
erd_document,old,R,cold,request_count,20,89,89,91
erd_document,old,R,cold,api_request_count,20,9,9,9
erd_document,old,R,cold,encoded_bytes,20,789248,789450,789567
erd_document,old,R,cold,api_serial_steps,20,1,1,1
erd_document,old,R,warm,content_visible_ms,20,322.674,336.615,350.026
erd_document,old,R,warm,lcp_ms,20,212,220,232
erd_document,old,R,warm,ttfb_ms,20,4.1,6.2,9.7
erd_document,old,R,warm,dcl_ms,20,74,78.4,84.3
erd_document,old,R,warm,load_ms,20,155.7,165.8,176.5
erd_document,old,R,warm,diagrams_ready_ms,0,,,
erd_document,old,R,warm,network_idle_ms,0,,,
erd_document,old,R,warm,request_count,20,89,89,91
erd_document,old,R,warm,api_request_count,20,9,9,9
erd_document,old,R,warm,encoded_bytes,20,138252,138426,138551
erd_document,old,R,warm,api_serial_steps,20,1,1,1
general_post,new,M,cold,content_visible_ms,20,806.145,815.43,836.122
general_post,new,M,cold,lcp_ms,20,796,804,824
general_post,new,M,cold,ttfb_ms,20,11.1,11.5,12.7
general_post,new,M,cold,dcl_ms,20,757.6,761.9,787.4
general_post,new,M,cold,load_ms,20,2232.7,2393.5,2664.1
general_post,new,M,cold,diagrams_ready_ms,0,,,
general_post,new,M,cold,network_idle_ms,20,2736.021,2897.062,3166.785
general_post,new,M,cold,request_count,20,23,23,23
general_post,new,M,cold,api_request_count,20,1,1,1
general_post,new,M,cold,encoded_bytes,20,312348,312348,312348
general_post,new,M,cold,api_serial_steps,20,1,1,1
general_post,new,M,warm,content_visible_ms,20,732.256,744.533,777.485
general_post,new,M,warm,lcp_ms,20,716,724,764
general_post,new,M,warm,ttfb_ms,20,4.3,4.5,6.6
general_post,new,M,warm,dcl_ms,20,692.9,699.6,736.8
general_post,new,M,warm,load_ms,20,2199.6,2339,2369.6
general_post,new,M,warm,diagrams_ready_ms,0,,,
general_post,new,M,warm,network_idle_ms,20,2702.945,2842.181,2872.07
general_post,new,M,warm,request_count,20,23,23,23
general_post,new,M,warm,api_request_count,20,1,1,1
general_post,new,M,warm,encoded_bytes,20,311736,311759,311891
general_post,new,M,warm,api_serial_steps,20,1,1,1
general_post,new,R,cold,content_visible_ms,20,346.607,364.526,373.773
general_post,new,R,cold,lcp_ms,20,236,248,248
general_post,new,R,cold,ttfb_ms,20,10.6,11.2,12.2
general_post,new,R,cold,dcl_ms,20,281,322,340.8
general_post,new,R,cold,load_ms,20,320,331.5,340.8
general_post,new,R,cold,diagrams_ready_ms,0,,,
general_post,new,R,cold,network_idle_ms,20,834.168,845.165,867.847
general_post,new,R,cold,request_count,20,23,23,23
general_post,new,R,cold,api_request_count,20,1,1,1
general_post,new,R,cold,encoded_bytes,20,312325,312348,312348
general_post,new,R,cold,api_serial_steps,20,1,1,1
general_post,new,R,warm,content_visible_ms,20,220.407,296.71,308.409
general_post,new,R,warm,lcp_ms,20,172,176,204
general_post,new,R,warm,ttfb_ms,20,4.4,4.4,4.8
general_post,new,R,warm,dcl_ms,20,186,233.2,271.3
general_post,new,R,warm,load_ms,20,264.2,270,295.1
general_post,new,R,warm,diagrams_ready_ms,0,,,
general_post,new,R,warm,network_idle_ms,20,776.385,789.581,803.903
general_post,new,R,warm,request_count,20,23,23,23
general_post,new,R,warm,api_request_count,20,1,1,1
general_post,new,R,warm,encoded_bytes,20,311736,311755,311878
general_post,new,R,warm,api_serial_steps,20,1,1,1
general_post,old,M,cold,content_visible_ms,20,2984.699,3050.547,3204.471
general_post,old,M,cold,lcp_ms,20,3044,3092,3260
general_post,old,M,cold,ttfb_ms,20,9,9.3,10
general_post,old,M,cold,dcl_ms,20,1416.6,1583.3,1957.8
general_post,old,M,cold,load_ms,20,2514,2664.1,4558.6
general_post,old,M,cold,diagrams_ready_ms,0,,,
general_post,old,M,cold,network_idle_ms,0,,,
general_post,old,M,cold,request_count,20,60,60,63
general_post,old,M,cold,api_request_count,20,5,5,5
general_post,old,M,cold,encoded_bytes,20,624988,625009,630485
general_post,old,M,cold,api_serial_steps,20,1,1,1
general_post,old,M,warm,content_visible_ms,20,637.694,646.325,660.6
general_post,old,M,warm,lcp_ms,20,688,696,732
general_post,old,M,warm,ttfb_ms,20,3.6,4.5,6.2
general_post,old,M,warm,dcl_ms,20,185.6,196.1,201.5
general_post,old,M,warm,load_ms,20,212.4,226.1,238.4
general_post,old,M,warm,diagrams_ready_ms,0,,,
general_post,old,M,warm,network_idle_ms,0,,,
general_post,old,M,warm,request_count,20,60,60,63
general_post,old,M,warm,api_request_count,20,5,5,5
general_post,old,M,warm,encoded_bytes,20,26846,26869,32151
general_post,old,M,warm,api_serial_steps,20,1,1,1
general_post,old,R,cold,content_visible_ms,20,555.744,563.593,576.49
general_post,old,R,cold,lcp_ms,20,600,620,656
general_post,old,R,cold,ttfb_ms,20,8.7,9.4,12.1
general_post,old,R,cold,dcl_ms,20,251.4,255.3,273.2
general_post,old,R,cold,load_ms,20,260.6,266.8,276.9
general_post,old,R,cold,diagrams_ready_ms,0,,,
general_post,old,R,cold,network_idle_ms,0,,,
general_post,old,R,cold,request_count,20,60,60,60
general_post,old,R,cold,api_request_count,20,5,5,5
general_post,old,R,cold,encoded_bytes,20,624969,624973,625109
general_post,old,R,cold,api_serial_steps,20,1,1,1
general_post,old,R,warm,content_visible_ms,20,283.656,288.78,304.293
general_post,old,R,warm,lcp_ms,20,340,348,360
general_post,old,R,warm,ttfb_ms,20,2.5,2.9,4.7
general_post,old,R,warm,dcl_ms,20,64.1,65.2,70.5
general_post,old,R,warm,load_ms,20,97.1,102.5,111.6
general_post,old,R,warm,diagrams_ready_ms,0,,,
general_post,old,R,warm,network_idle_ms,0,,,
general_post,old,R,warm,request_count,20,60,60,60
general_post,old,R,warm,api_request_count,20,5,5,5
general_post,old,R,warm,encoded_bytes,20,26803,26848,26927
general_post,old,R,warm,api_serial_steps,20,1,1,1
home_list,new,M,cold,content_visible_ms,20,836.571,845.113,925.068
home_list,new,M,cold,lcp_ms,20,648,656,720
home_list,new,M,cold,ttfb_ms,20,6.3,6.9,8.7
home_list,new,M,cold,dcl_ms,20,617.1,623.7,684.8
home_list,new,M,cold,load_ms,20,1990.5,2155.3,2239.7
home_list,new,M,cold,diagrams_ready_ms,0,,,
home_list,new,M,cold,network_idle_ms,20,2671.447,2840.488,2927.213
home_list,new,M,cold,request_count,20,22,22,22
home_list,new,M,cold,api_request_count,20,1,1,1
home_list,new,M,cold,encoded_bytes,20,274871,274871,274871
home_list,new,M,cold,api_serial_steps,20,1,1,1
home_list,new,M,warm,content_visible_ms,20,794.095,798.549,852.728
home_list,new,M,warm,lcp_ms,20,596,608,632
home_list,new,M,warm,ttfb_ms,20,7.3,8.1,11.5
home_list,new,M,warm,dcl_ms,20,587.2,596.6,613.1
home_list,new,M,warm,load_ms,20,2017.5,2099.8,2130.6
home_list,new,M,warm,diagrams_ready_ms,0,,,
home_list,new,M,warm,network_idle_ms,20,2693.616,2780.998,2820.559
home_list,new,M,warm,request_count,20,22,22,22
home_list,new,M,warm,api_request_count,20,1,1,1
home_list,new,M,warm,encoded_bytes,20,274258,274289,274452
home_list,new,M,warm,api_serial_steps,20,1,1,1
home_list,new,R,cold,content_visible_ms,20,376.492,383.93,403.505
home_list,new,R,cold,lcp_ms,20,208,220,228
home_list,new,R,cold,ttfb_ms,20,6.3,6.6,7.3
home_list,new,R,cold,dcl_ms,20,261.5,273,305.5
home_list,new,R,cold,load_ms,20,281.4,288.5,305.9
home_list,new,R,cold,diagrams_ready_ms,0,,,
home_list,new,R,cold,network_idle_ms,20,870.74,879.818,894.674
home_list,new,R,cold,request_count,20,22,22,22
home_list,new,R,cold,api_request_count,20,1,1,1
home_list,new,R,cold,encoded_bytes,20,274848,274848,274871
home_list,new,R,cold,api_serial_steps,20,1,1,1
home_list,new,R,warm,content_visible_ms,20,264.533,336.645,352.408
home_list,new,R,warm,lcp_ms,20,160,164,176
home_list,new,R,warm,ttfb_ms,20,6.9,7.4,8.9
home_list,new,R,warm,dcl_ms,20,169.2,228,251.2
home_list,new,R,warm,load_ms,20,241.8,247.6,256.4
home_list,new,R,warm,diagrams_ready_ms,0,,,
home_list,new,R,warm,network_idle_ms,20,813.2,833.949,848.934
home_list,new,R,warm,request_count,20,22,22,22
home_list,new,R,warm,api_request_count,20,1,1,1
home_list,new,R,warm,encoded_bytes,20,274258,274290,274340
home_list,new,R,warm,api_serial_steps,20,1,1,1
home_list,old,M,cold,content_visible_ms,20,2956.948,2976.869,3052.176
home_list,old,M,cold,lcp_ms,20,2972,2992,3048
home_list,old,M,cold,ttfb_ms,20,10,10.8,19.7
home_list,old,M,cold,dcl_ms,20,1149,1166.8,1191.9
home_list,old,M,cold,load_ms,20,2485.1,2560.4,2618.7
home_list,old,M,cold,diagrams_ready_ms,0,,,
home_list,old,M,cold,network_idle_ms,0,,,
home_list,old,M,cold,request_count,20,74,74,74
home_list,old,M,cold,api_request_count,20,6,6,6
home_list,old,M,cold,encoded_bytes,20,595517,595518,595540
home_list,old,M,cold,api_serial_steps,20,1,1,1
home_list,old,M,warm,content_visible_ms,20,650.421,666.353,739.714
home_list,old,M,warm,lcp_ms,20,672,688,756
home_list,old,M,warm,ttfb_ms,20,3.4,4.4,6.2
home_list,old,M,warm,dcl_ms,20,189,227.4,262.9
home_list,old,M,warm,load_ms,20,233.2,252.1,294.7
home_list,old,M,warm,diagrams_ready_ms,0,,,
home_list,old,M,warm,network_idle_ms,0,,,
home_list,old,M,warm,request_count,20,70,74,74
home_list,old,M,warm,api_request_count,20,6,6,6
home_list,old,M,warm,encoded_bytes,20,37224,37929,38131
home_list,old,M,warm,api_serial_steps,20,1,1,1
home_list,old,R,cold,content_visible_ms,20,516.108,540.282,564.147
home_list,old,R,cold,lcp_ms,20,544,564,612
home_list,old,R,cold,ttfb_ms,20,8.9,9.3,10.2
home_list,old,R,cold,dcl_ms,20,235.2,266.7,280.8
home_list,old,R,cold,load_ms,20,300.3,308.5,319.5
home_list,old,R,cold,diagrams_ready_ms,0,,,
home_list,old,R,cold,network_idle_ms,0,,,
home_list,old,R,cold,request_count,20,74,74,74
home_list,old,R,cold,api_request_count,20,6,6,6
home_list,old,R,cold,encoded_bytes,20,595399,595445,595468
home_list,old,R,cold,api_serial_steps,20,1,1,1
home_list,old,R,warm,content_visible_ms,20,255.341,270.402,280.127
home_list,old,R,warm,lcp_ms,20,276,288,304
home_list,old,R,warm,ttfb_ms,20,2.7,3.2,5
home_list,old,R,warm,dcl_ms,20,66.4,67.8,73
home_list,old,R,warm,load_ms,20,104.5,116.3,125.4
home_list,old,R,warm,diagrams_ready_ms,0,,,
home_list,old,R,warm,network_idle_ms,0,,,
home_list,old,R,warm,request_count,20,74,74,74
home_list,old,R,warm,api_request_count,20,6,6,6
home_list,old,R,warm,encoded_bytes,20,37812,37980,38054
home_list,old,R,warm,api_serial_steps,20,1,1,1
project_home,new,M,cold,content_visible_ms,20,911.47,926.247,959.307
project_home,new,M,cold,lcp_ms,20,900,920,964
project_home,new,M,cold,ttfb_ms,20,10.9,12.3,13.8
project_home,new,M,cold,dcl_ms,20,855.2,868,905.5
project_home,new,M,cold,load_ms,20,2659.3,2746.2,2783.5
project_home,new,M,cold,diagrams_ready_ms,0,,,
project_home,new,M,cold,network_idle_ms,20,3163.882,3249.755,3286.516
project_home,new,M,cold,request_count,20,28,28,28
project_home,new,M,cold,api_request_count,20,1,1,1
project_home,new,M,cold,encoded_bytes,20,362778,362778,362778
project_home,new,M,cold,api_serial_steps,20,1,1,1
project_home,new,M,warm,content_visible_ms,20,822.403,862.812,1154.096
project_home,new,M,warm,lcp_ms,20,808,844,1124
project_home,new,M,warm,ttfb_ms,20,9.8,11.6,12.6
project_home,new,M,warm,dcl_ms,20,779,814.7,1101.8
project_home,new,M,warm,load_ms,20,2632.7,2656,2766.8
project_home,new,M,warm,diagrams_ready_ms,0,,,
project_home,new,M,warm,network_idle_ms,20,3135.78,3160.582,3270.87
project_home,new,M,warm,request_count,20,28,28,28
project_home,new,M,warm,api_request_count,20,1,1,1
project_home,new,M,warm,encoded_bytes,20,362155,362198,362242
project_home,new,M,warm,api_serial_steps,20,1,1,1
project_home,new,R,cold,content_visible_ms,20,416.806,426.544,441.441
project_home,new,R,cold,lcp_ms,20,284,296,300
project_home,new,R,cold,ttfb_ms,20,11.4,11.7,12.2
project_home,new,R,cold,dcl_ms,20,350.8,370.7,394.1
project_home,new,R,cold,load_ms,20,370.9,381.6,404.3
project_home,new,R,cold,diagrams_ready_ms,0,,,
project_home,new,R,cold,network_idle_ms,20,910.426,920.177,931.184
project_home,new,R,cold,request_count,20,28,28,28
project_home,new,R,cold,api_request_count,20,1,1,1
project_home,new,R,cold,encoded_bytes,20,362755,362755,362755
project_home,new,R,cold,api_serial_steps,20,1,1,1
project_home,new,R,warm,content_visible_ms,20,239.563,308.119,381.816
project_home,new,R,warm,lcp_ms,20,204,224,236
project_home,new,R,warm,ttfb_ms,20,4.6,4.9,5.5
project_home,new,R,warm,dcl_ms,20,204.7,227.1,324.3
project_home,new,R,warm,load_ms,20,312,321.4,346.9
project_home,new,R,warm,diagrams_ready_ms,0,,,
project_home,new,R,warm,network_idle_ms,20,825.393,843.075,878.569
project_home,new,R,warm,request_count,20,28,28,28
project_home,new,R,warm,api_request_count,20,1,1,1
project_home,new,R,warm,encoded_bytes,20,362078,362107,362221
project_home,new,R,warm,api_serial_steps,20,1,1,1
project_home,old,M,cold,content_visible_ms,20,1506.442,1534.94,1662.048
project_home,old,M,cold,lcp_ms,20,3800,3888,3932
project_home,old,M,cold,ttfb_ms,20,10.1,10.4,12.2
project_home,old,M,cold,dcl_ms,20,1465.4,1490.4,1620.1
project_home,old,M,cold,load_ms,20,3406.9,3490.3,3551.1
project_home,old,M,cold,diagrams_ready_ms,0,,,
project_home,old,M,cold,network_idle_ms,0,,,
project_home,old,M,cold,request_count,20,89,89,89
project_home,old,M,cold,api_request_count,20,9,9,9
project_home,old,M,cold,encoded_bytes,20,770387,770435,770723
project_home,old,M,cold,api_serial_steps,20,2,2,2
project_home,old,M,warm,content_visible_ms,20,403.208,421.81,432.127
project_home,old,M,warm,lcp_ms,20,316,324,396
project_home,old,M,warm,ttfb_ms,20,4.9,5.5,7.1
project_home,old,M,warm,dcl_ms,20,259.3,265.4,299.2
project_home,old,M,warm,load_ms,20,260.7,270,378.8
project_home,old,M,warm,diagrams_ready_ms,0,,,
project_home,old,M,warm,network_idle_ms,0,,,
project_home,old,M,warm,request_count,20,89,89,89
project_home,old,M,warm,api_request_count,20,9,9,9
project_home,old,M,warm,encoded_bytes,20,109601,109651,110046
project_home,old,M,warm,api_serial_steps,20,2,2,2
project_home,old,R,cold,content_visible_ms,20,435.902,475.026,549.307
project_home,old,R,cold,lcp_ms,20,780,800,816
project_home,old,R,cold,ttfb_ms,20,9.2,9.8,10
project_home,old,R,cold,dcl_ms,20,253.3,330.6,347.8
project_home,old,R,cold,load_ms,20,400.4,407.9,432.6
project_home,old,R,cold,diagrams_ready_ms,0,,,
project_home,old,R,cold,network_idle_ms,0,,,
project_home,old,R,cold,request_count,20,89,91,91
project_home,old,R,cold,api_request_count,20,9,9,9
project_home,old,R,cold,encoded_bytes,20,770629,770989,771067
project_home,old,R,cold,api_serial_steps,20,2,2,2
project_home,old,R,warm,content_visible_ms,20,235.533,248.498,264.019
project_home,old,R,warm,lcp_ms,20,196,208,252
project_home,old,R,warm,ttfb_ms,20,2.9,3.5,5.2
project_home,old,R,warm,dcl_ms,20,70.3,73.2,78.4
project_home,old,R,warm,load_ms,20,136.6,150.6,161.8
project_home,old,R,warm,diagrams_ready_ms,0,,,
project_home,old,R,warm,network_idle_ms,0,,,
project_home,old,R,warm,request_count,20,89,89,91
project_home,old,R,warm,api_request_count,20,9,9,9
project_home,old,R,warm,encoded_bytes,20,109385,109570,109606
project_home,old,R,warm,api_serial_steps,20,2,2,2
