backend,distribution,n_paths,condition,arm,phase,count,p50_ms,p95_ms
mysql,skew,1000,hint_top10,mysql_faiss,faiss_ann_ms,600,0.181,0.26404999999999995
mysql,skew,1000,hint_top10,mysql_faiss,json_serialization_ms,600,1.007,1.1901499999999998
mysql,skew,1000,hint_top10,mysql_faiss,mysql_path_db_ms,600,2.7424999999999997,3.145
mysql,skew,1000,hint_top10,mysql_faiss,python_cosine_ms,600,0.116,0.15504999999999997
mysql,skew,1000,hint_top3,mysql_faiss,faiss_ann_ms,600,0.157,0.21404999999999996
mysql,skew,1000,hint_top3,mysql_faiss,json_serialization_ms,600,0.357,0.483
mysql,skew,1000,hint_top3,mysql_faiss,mysql_path_db_ms,600,1.385,1.68525
mysql,skew,1000,hint_top3,mysql_faiss,python_cosine_ms,600,0.045,0.07204999999999995
mysql,skew,1000,no_hint_top10,mysql_faiss,faiss_ann_ms,600,0.262,0.33104999999999996
mysql,skew,1000,no_hint_top10,mysql_faiss,json_serialization_ms,600,1.1335,1.299
mysql,skew,1000,no_hint_top10,mysql_faiss,mysql_path_db_ms,600,3.105,3.3964499999999993
mysql,skew,1000,no_hint_top10,mysql_faiss,python_cosine_ms,600,0.125,0.16504999999999997
mysql,skew,1000,no_hint_top3,mysql_faiss,faiss_ann_ms,600,0.2065,0.286
mysql,skew,1000,no_hint_top3,mysql_faiss,json_serialization_ms,600,0.355,0.499
mysql,skew,1000,no_hint_top3,mysql_faiss,mysql_path_db_ms,600,1.3955,1.726
mysql,skew,1000,no_hint_top3,mysql_faiss,python_cosine_ms,600,0.048,0.07904999999999995
mysql,skew,10000,hint_top10,mysql_faiss,faiss_ann_ms,600,0.238,0.355
mysql,skew,10000,hint_top10,mysql_faiss,json_serialization_ms,600,0.903,1.38705
mysql,skew,10000,hint_top10,mysql_faiss,mysql_path_db_ms,600,2.646,3.6390999999999996
mysql,skew,10000,hint_top10,mysql_faiss,python_cosine_ms,600,0.127,0.16704999999999998
mysql,skew,10000,hint_top3,mysql_faiss,faiss_ann_ms,600,0.203,0.302
mysql,skew,10000,hint_top3,mysql_faiss,json_serialization_ms,600,0.359,0.50405
mysql,skew,10000,hint_top3,mysql_faiss,mysql_path_db_ms,600,1.4335,1.7951
mysql,skew,10000,hint_top3,mysql_faiss,python_cosine_ms,600,0.0485,0.079
mysql,skew,10000,no_hint_top10,mysql_faiss,faiss_ann_ms,600,0.2625,0.33204999999999996
mysql,skew,10000,no_hint_top10,mysql_faiss,json_serialization_ms,600,1.1155,1.3901499999999998
mysql,skew,10000,no_hint_top10,mysql_faiss,mysql_path_db_ms,600,3.1310000000000002,3.73305
mysql,skew,10000,no_hint_top10,mysql_faiss,python_cosine_ms,600,0.13,0.168
mysql,skew,10000,no_hint_top3,mysql_faiss,faiss_ann_ms,600,0.23,0.2900999999999999
mysql,skew,10000,no_hint_top3,mysql_faiss,json_serialization_ms,600,0.353,0.499
mysql,skew,10000,no_hint_top3,mysql_faiss,mysql_path_db_ms,600,1.444,1.8383499999999997
mysql,skew,10000,no_hint_top3,mysql_faiss,python_cosine_ms,600,0.049,0.08004999999999995
mysql,skew,30000,hint_top10,mysql_faiss,faiss_ann_ms,600,0.293,0.377
mysql,skew,30000,hint_top10,mysql_faiss,json_serialization_ms,600,1.1255,1.34805
mysql,skew,30000,hint_top10,mysql_faiss,mysql_path_db_ms,600,3.183,3.7013499999999997
mysql,skew,30000,hint_top10,mysql_faiss,python_cosine_ms,600,0.131,0.169
mysql,skew,30000,hint_top3,mysql_faiss,faiss_ann_ms,600,0.257,0.38604999999999995
mysql,skew,30000,hint_top3,mysql_faiss,json_serialization_ms,600,0.358,0.507
mysql,skew,30000,hint_top3,mysql_faiss,mysql_path_db_ms,600,1.4665,1.8370499999999998
mysql,skew,30000,hint_top3,mysql_faiss,python_cosine_ms,600,0.05,0.084
mysql,skew,30000,no_hint_top10,mysql_faiss,faiss_ann_ms,600,0.327,0.4501499999999999
mysql,skew,30000,no_hint_top10,mysql_faiss,json_serialization_ms,600,1.136,1.4531
mysql,skew,30000,no_hint_top10,mysql_faiss,mysql_path_db_ms,600,3.221,3.8810999999999996
mysql,skew,30000,no_hint_top10,mysql_faiss,python_cosine_ms,600,0.134,0.177
mysql,skew,30000,no_hint_top3,mysql_faiss,faiss_ann_ms,600,0.299,0.39919999999999983
mysql,skew,30000,no_hint_top3,mysql_faiss,json_serialization_ms,600,0.356,0.50605
mysql,skew,30000,no_hint_top3,mysql_faiss,mysql_path_db_ms,600,1.475,1.8110499999999998
mysql,skew,30000,no_hint_top3,mysql_faiss,python_cosine_ms,600,0.051,0.081
mysql,uniform,1000,hint_top10,mysql_faiss,faiss_ann_ms,600,0.0715,0.105
mysql,uniform,1000,hint_top10,mysql_faiss,json_serialization_ms,600,0.355,0.398
mysql,uniform,1000,hint_top10,mysql_faiss,mysql_path_db_ms,600,1.362,1.462
mysql,uniform,1000,hint_top10,mysql_faiss,python_cosine_ms,600,0.079,0.118
mysql,uniform,1000,hint_top3,mysql_faiss,faiss_ann_ms,600,0.063,0.0920999999999999
mysql,uniform,1000,hint_top3,mysql_faiss,json_serialization_ms,600,0.354,0.397
mysql,uniform,1000,hint_top3,mysql_faiss,mysql_path_db_ms,600,1.352,1.4560499999999998
mysql,uniform,1000,hint_top3,mysql_faiss,python_cosine_ms,600,0.042,0.046
mysql,uniform,1000,no_hint_top10,mysql_faiss,faiss_ann_ms,600,0.2575,0.32504999999999995
mysql,uniform,1000,no_hint_top10,mysql_faiss,json_serialization_ms,600,1.138,1.2991499999999998
mysql,uniform,1000,no_hint_top10,mysql_faiss,mysql_path_db_ms,600,2.986,3.4013499999999994
mysql,uniform,1000,no_hint_top10,mysql_faiss,python_cosine_ms,600,0.125,0.162
mysql,uniform,1000,no_hint_top3,mysql_faiss,faiss_ann_ms,600,0.219,0.27424999999999977
mysql,uniform,1000,no_hint_top3,mysql_faiss,json_serialization_ms,600,0.357,0.4870499999999999
mysql,uniform,1000,no_hint_top3,mysql_faiss,mysql_path_db_ms,600,1.392,1.67325
mysql,uniform,1000,no_hint_top3,mysql_faiss,python_cosine_ms,600,0.049,0.079
mysql,uniform,10000,hint_top10,mysql_faiss,faiss_ann_ms,600,0.191,0.23104999999999998
mysql,uniform,10000,hint_top10,mysql_faiss,json_serialization_ms,600,1.1305,1.36605
mysql,uniform,10000,hint_top10,mysql_faiss,mysql_path_db_ms,600,3.098,3.57535
mysql,uniform,10000,hint_top10,mysql_faiss,python_cosine_ms,600,0.123,0.158
mysql,uniform,10000,hint_top3,mysql_faiss,faiss_ann_ms,600,0.162,0.204
mysql,uniform,10000,hint_top3,mysql_faiss,json_serialization_ms,600,0.355,0.51005
mysql,uniform,10000,hint_top3,mysql_faiss,mysql_path_db_ms,600,1.429,1.7951499999999998
mysql,uniform,10000,hint_top3,mysql_faiss,python_cosine_ms,600,0.047,0.075
mysql,uniform,10000,no_hint_top10,mysql_faiss,faiss_ann_ms,600,0.274,0.36404999999999993
mysql,uniform,10000,no_hint_top10,mysql_faiss,json_serialization_ms,600,1.1415,1.41
mysql,uniform,10000,no_hint_top10,mysql_faiss,mysql_path_db_ms,600,3.173,3.7975
mysql,uniform,10000,no_hint_top10,mysql_faiss,python_cosine_ms,600,0.131,0.171
mysql,uniform,10000,no_hint_top3,mysql_faiss,faiss_ann_ms,600,0.242,0.32804999999999995
mysql,uniform,10000,no_hint_top3,mysql_faiss,json_serialization_ms,600,0.357,0.5120999999999999
mysql,uniform,10000,no_hint_top3,mysql_faiss,mysql_path_db_ms,600,1.453,1.84205
mysql,uniform,10000,no_hint_top3,mysql_faiss,python_cosine_ms,600,0.049,0.082
mysql,uniform,30000,hint_top10,mysql_faiss,faiss_ann_ms,600,0.237,0.29314999999999986
mysql,uniform,30000,hint_top10,mysql_faiss,json_serialization_ms,600,1.126,1.3690499999999999
mysql,uniform,30000,hint_top10,mysql_faiss,mysql_path_db_ms,600,3.248,3.8392999999999997
mysql,uniform,30000,hint_top10,mysql_faiss,python_cosine_ms,600,0.131,0.171
mysql,uniform,30000,hint_top3,mysql_faiss,faiss_ann_ms,600,0.20350000000000001,0.26409999999999995
mysql,uniform,30000,hint_top3,mysql_faiss,json_serialization_ms,600,0.351,0.504
mysql,uniform,30000,hint_top3,mysql_faiss,mysql_path_db_ms,600,1.456,1.8231499999999998
mysql,uniform,30000,hint_top3,mysql_faiss,python_cosine_ms,600,0.051,0.084
mysql,uniform,30000,no_hint_top10,mysql_faiss,faiss_ann_ms,600,0.335,0.449
mysql,uniform,30000,no_hint_top10,mysql_faiss,json_serialization_ms,600,1.125,1.3891499999999999
mysql,uniform,30000,no_hint_top10,mysql_faiss,mysql_path_db_ms,600,3.2515,3.78605
mysql,uniform,30000,no_hint_top10,mysql_faiss,python_cosine_ms,600,0.134,0.172
mysql,uniform,30000,no_hint_top3,mysql_faiss,faiss_ann_ms,600,0.31,0.4191999999999998
mysql,uniform,30000,no_hint_top3,mysql_faiss,json_serialization_ms,600,0.349,0.49909999999999993
mysql,uniform,30000,no_hint_top3,mysql_faiss,mysql_path_db_ms,600,1.4495,1.8353999999999997
mysql,uniform,30000,no_hint_top3,mysql_faiss,python_cosine_ms,600,0.051,0.083
neo,skew,1000,hint_top10,neo_optimized,candidate_filter_path_db_ms,600,52.3605,59.093149999999994
neo,skew,1000,hint_top10,neo_optimized,json_serialization_ms,600,0.6705000000000001,0.825
neo,skew,1000,hint_top10,neo_original,ann_and_domain_ms,600,50.458,53.0289
neo,skew,1000,hint_top10,neo_original,json_serialization_ms,600,0.462,0.5662499999999997
neo,skew,1000,hint_top10,neo_original,path_reconstruction_ms,600,19.389,23.692449999999994
neo,skew,1000,hint_top10,neo_original,python_cosine_ms,600,0.8205,0.9380499999999999
neo,skew,1000,hint_top3,neo_optimized,candidate_filter_path_db_ms,600,48.223,55.98749999999999
neo,skew,1000,hint_top3,neo_optimized,json_serialization_ms,600,0.2455,0.3480999999999999
neo,skew,1000,hint_top3,neo_original,ann_and_domain_ms,600,19.4035,21.428499999999996
neo,skew,1000,hint_top3,neo_original,json_serialization_ms,600,0.179,0.23904999999999996
neo,skew,1000,hint_top3,neo_original,path_reconstruction_ms,600,7.0875,9.984549999999993
neo,skew,1000,hint_top3,neo_original,python_cosine_ms,600,0.269,0.309
neo,skew,1000,no_hint_top10,neo_optimized,candidate_filter_path_db_ms,600,17.8095,19.24495
neo,skew,1000,no_hint_top10,neo_optimized,json_serialization_ms,600,0.756,1.0450499999999998
neo,skew,1000,no_hint_top10,neo_original,ann_and_domain_ms,600,52.221000000000004,54.32275
neo,skew,1000,no_hint_top10,neo_original,json_serialization_ms,600,0.5465,0.62105
neo,skew,1000,no_hint_top10,neo_original,path_reconstruction_ms,600,24.006,28.301399999999994
neo,skew,1000,no_hint_top10,neo_original,python_cosine_ms,600,0.876,0.962
neo,skew,1000,no_hint_top3,neo_optimized,candidate_filter_path_db_ms,600,10.242999999999999,11.74625
neo,skew,1000,no_hint_top3,neo_optimized,json_serialization_ms,600,0.236,0.32304999999999995
neo,skew,1000,no_hint_top3,neo_original,ann_and_domain_ms,600,19.939999999999998,21.105699999999995
neo,skew,1000,no_hint_top3,neo_original,json_serialization_ms,600,0.177,0.242
neo,skew,1000,no_hint_top3,neo_original,path_reconstruction_ms,600,8.773,11.532449999999999
neo,skew,1000,no_hint_top3,neo_original,python_cosine_ms,600,0.265,0.306
neo,skew,10000,hint_top10,neo_optimized,candidate_filter_path_db_ms,600,442.043,461.1651
neo,skew,10000,hint_top10,neo_optimized,json_serialization_ms,600,0.6305000000000001,0.99405
neo,skew,10000,hint_top10,neo_original,ann_and_domain_ms,600,53.051,54.82405
neo,skew,10000,hint_top10,neo_original,json_serialization_ms,600,0.435,0.65505
neo,skew,10000,hint_top10,neo_original,path_reconstruction_ms,600,20.284,24.383300000000002
neo,skew,10000,hint_top10,neo_original,python_cosine_ms,600,0.813,0.92805
neo,skew,10000,hint_top3,neo_optimized,candidate_filter_path_db_ms,600,437.134,454.95085
neo,skew,10000,hint_top3,neo_optimized,json_serialization_ms,600,0.2575,0.357
neo,skew,10000,hint_top3,neo_original,ann_and_domain_ms,600,20.3585,21.0273
neo,skew,10000,hint_top3,neo_original,json_serialization_ms,600,0.177,0.2470999999999999
neo,skew,10000,hint_top3,neo_original,path_reconstruction_ms,600,6.9165,8.382799999999998
neo,skew,10000,hint_top3,neo_original,python_cosine_ms,600,0.266,0.304
neo,skew,10000,no_hint_top10,neo_optimized,candidate_filter_path_db_ms,600,21.052500000000002,24.21725
neo,skew,10000,no_hint_top10,neo_optimized,json_serialization_ms,600,0.7565,1.1102999999999998
neo,skew,10000,no_hint_top10,neo_original,ann_and_domain_ms,600,53.707499999999996,55.849149999999995
neo,skew,10000,no_hint_top10,neo_original,json_serialization_ms,600,0.539,0.67505
neo,skew,10000,no_hint_top10,neo_original,path_reconstruction_ms,600,23.255,28.165749999999992
neo,skew,10000,no_hint_top10,neo_original,python_cosine_ms,600,0.856,0.937
neo,skew,10000,no_hint_top3,neo_optimized,candidate_filter_path_db_ms,600,11.743500000000001,13.2534
neo,skew,10000,no_hint_top3,neo_optimized,json_serialization_ms,600,0.2445,0.3470499999999999
neo,skew,10000,no_hint_top3,neo_original,ann_and_domain_ms,600,20.786,21.99005
neo,skew,10000,no_hint_top3,neo_original,json_serialization_ms,600,0.183,0.264
neo,skew,10000,no_hint_top3,neo_original,path_reconstruction_ms,600,8.5135,11.471349999999997
neo,skew,10000,no_hint_top3,neo_original,python_cosine_ms,600,0.264,0.298
neo,uniform,1000,hint_top10,neo_optimized,candidate_filter_path_db_ms,600,10.4855,11.54515
neo,uniform,1000,hint_top10,neo_optimized,json_serialization_ms,600,0.237,0.281
neo,uniform,1000,hint_top10,neo_original,ann_and_domain_ms,600,28.7725,51.17739999999999
neo,uniform,1000,hint_top10,neo_original,json_serialization_ms,600,0.177,0.213
neo,uniform,1000,hint_top10,neo_original,path_reconstruction_ms,600,7.017,8.011949999999999
neo,uniform,1000,hint_top10,neo_original,python_cosine_ms,600,0.444,0.8352999999999997
neo,uniform,1000,hint_top3,neo_optimized,candidate_filter_path_db_ms,600,10.466,11.422
neo,uniform,1000,hint_top3,neo_optimized,json_serialization_ms,600,0.233,0.27604999999999996
neo,uniform,1000,hint_top3,neo_original,ann_and_domain_ms,600,19.012,19.881899999999995
neo,uniform,1000,hint_top3,neo_original,json_serialization_ms,600,0.171,0.2090999999999999
neo,uniform,1000,hint_top3,neo_original,path_reconstruction_ms,600,6.9025,7.829399999999998
neo,uniform,1000,hint_top3,neo_original,python_cosine_ms,600,0.265,0.327
neo,uniform,1000,no_hint_top10,neo_optimized,candidate_filter_path_db_ms,600,17.796,19.647799999999997
neo,uniform,1000,no_hint_top10,neo_optimized,json_serialization_ms,600,0.746,1.029
neo,uniform,1000,no_hint_top10,neo_original,ann_and_domain_ms,600,51.287499999999994,54.05229999999999
neo,uniform,1000,no_hint_top10,neo_original,json_serialization_ms,600,0.536,0.6050999999999999
neo,uniform,1000,no_hint_top10,neo_original,path_reconstruction_ms,600,23.712,28.85615
neo,uniform,1000,no_hint_top10,neo_original,python_cosine_ms,600,0.853,1.04805
neo,uniform,1000,no_hint_top3,neo_optimized,candidate_filter_path_db_ms,600,10.225,11.6857
neo,uniform,1000,no_hint_top3,neo_optimized,json_serialization_ms,600,0.237,0.322
neo,uniform,1000,no_hint_top3,neo_original,ann_and_domain_ms,600,19.4765,20.7605
neo,uniform,1000,no_hint_top3,neo_original,json_serialization_ms,600,0.176,0.24004999999999996
neo,uniform,1000,no_hint_top3,neo_original,path_reconstruction_ms,600,8.568999999999999,11.017449999999998
neo,uniform,1000,no_hint_top3,neo_original,python_cosine_ms,600,0.262,0.314
neo,uniform,10000,hint_top10,neo_optimized,candidate_filter_path_db_ms,600,41.7525,44.37265
neo,uniform,10000,hint_top10,neo_optimized,json_serialization_ms,600,0.7765,1.1172499999999999
neo,uniform,10000,hint_top10,neo_original,ann_and_domain_ms,600,53.9845,56.310849999999995
neo,uniform,10000,hint_top10,neo_original,json_serialization_ms,600,0.5425,0.66605
neo,uniform,10000,hint_top10,neo_original,path_reconstruction_ms,600,22.6045,25.649749999999994
neo,uniform,10000,hint_top10,neo_original,python_cosine_ms,600,0.869,0.966
neo,uniform,10000,hint_top3,neo_optimized,candidate_filter_path_db_ms,600,37.054,43.987649999999995
neo,uniform,10000,hint_top3,neo_optimized,json_serialization_ms,600,0.256,0.378
neo,uniform,10000,hint_top3,neo_original,ann_and_domain_ms,600,20.602,23.392149999999994
neo,uniform,10000,hint_top3,neo_original,json_serialization_ms,600,0.178,0.26204999999999995
neo,uniform,10000,hint_top3,neo_original,path_reconstruction_ms,600,7.1625,9.261299999999995
neo,uniform,10000,hint_top3,neo_original,python_cosine_ms,600,0.271,0.323
neo,uniform,10000,no_hint_top10,neo_optimized,candidate_filter_path_db_ms,600,21.072499999999998,24.17545
neo,uniform,10000,no_hint_top10,neo_optimized,json_serialization_ms,600,0.7655000000000001,1.1400499999999998
neo,uniform,10000,no_hint_top10,neo_original,ann_and_domain_ms,600,54.174,58.658199999999994
neo,uniform,10000,no_hint_top10,neo_original,json_serialization_ms,600,0.54,0.667
neo,uniform,10000,no_hint_top10,neo_original,path_reconstruction_ms,600,23.836,34.10279999999997
neo,uniform,10000,no_hint_top10,neo_original,python_cosine_ms,600,0.884,0.9830999999999999
neo,uniform,10000,no_hint_top3,neo_optimized,candidate_filter_path_db_ms,600,11.554,13.175
neo,uniform,10000,no_hint_top3,neo_optimized,json_serialization_ms,600,0.24,0.353
neo,uniform,10000,no_hint_top3,neo_original,ann_and_domain_ms,600,20.808999999999997,22.224449999999997
neo,uniform,10000,no_hint_top3,neo_original,json_serialization_ms,600,0.177,0.25709999999999994
neo,uniform,10000,no_hint_top3,neo_original,path_reconstruction_ms,600,8.489,11.364799999999997
neo,uniform,10000,no_hint_top3,neo_original,python_cosine_ms,600,0.266,0.30704999999999993
